sample-id	forward-absolute-filepath	reverse-absolute-filepath
SRR19064319	/home/users/eunseo916/yunna02102/fastq/SRR19064319_1.fastq.gz	/home/users/eunseo916/yunna02102/fastq/SRR19064319_2.fastq.gz
SRR19064324	/home/users/eunseo916/yunna02102/fastq/SRR19064324_1.fastq.gz	/home/users/eunseo916/yunna02102/fastq/SRR19064324_2.fastq.gz
SRR19064325	/home/users/eunseo916/yunna02102/fastq/SRR19064325_1.fastq.gz	/home/users/eunseo916/yunna02102/fastq/SRR19064325_2.fastq.gz
SRR19064335	/home/users/eunseo916/yunna02102/fastq/SRR19064335_1.fastq.gz	/home/users/eunseo916/yunna02102/fastq/SRR19064335_2.fastq.gz
SRR19064339	/home/users/eunseo916/yunna02102/fastq/SRR19064339_1.fastq.gz	/home/users/eunseo916/yunna02102/fastq/SRR19064339_2.fastq.gz
SRR19064346	/home/users/eunseo916/yunna02102/fastq/SRR19064346_1.fastq.gz	/home/users/eunseo916/yunna02102/fastq/SRR19064346_2.fastq.gz
SRR19064348	/home/users/eunseo916/yunna02102/fastq/SRR19064348_1.fastq.gz	/home/users/eunseo916/yunna02102/fastq/SRR19064348_2.fastq.gz
SRR19064349	/home/users/eunseo916/yunna02102/fastq/SRR19064349_1.fastq.gz	/home/users/eunseo916/yunna02102/fastq/SRR19064349_2.fastq.gz
SRR19064351	/home/users/eunseo916/yunna02102/fastq/SRR19064351_1.fastq.gz	/home/users/eunseo916/yunna02102/fastq/SRR19064351_2.fastq.gz
SRR19064355	/home/users/eunseo916/yunna02102/fastq/SRR19064355_1.fastq.gz	/home/users/eunseo916/yunna02102/fastq/SRR19064355_2.fastq.gz
SRR19064356	/home/users/eunseo916/yunna02102/fastq/SRR19064356_1.fastq.gz	/home/users/eunseo916/yunna02102/fastq/SRR19064356_2.fastq.gz
SRR19064357	/home/users/eunseo916/yunna02102/fastq/SRR19064357_1.fastq.gz	/home/users/eunseo916/yunna02102/fastq/SRR19064357_2.fastq.gz
SRR19064360	/home/users/eunseo916/yunna02102/fastq/SRR19064360_1.fastq.gz	/home/users/eunseo916/yunna02102/fastq/SRR19064360_2.fastq.gz
SRR19064363	/home/users/eunseo916/yunna02102/fastq/SRR19064363_1.fastq.gz	/home/users/eunseo916/yunna02102/fastq/SRR19064363_2.fastq.gz
SRR19064366	/home/users/eunseo916/yunna02102/fastq/SRR19064366_1.fastq.gz	/home/users/eunseo916/yunna02102/fastq/SRR19064366_2.fastq.gz
SRR19064368	/home/users/eunseo916/yunna02102/fastq/SRR19064368_1.fastq.gz	/home/users/eunseo916/yunna02102/fastq/SRR19064368_2.fastq.gz
SRR19064369	/home/users/eunseo916/yunna02102/fastq/SRR19064369_1.fastq.gz	/home/users/eunseo916/yunna02102/fastq/SRR19064369_2.fastq.gz
SRR19064371	/home/users/eunseo916/yunna02102/fastq/SRR19064371_1.fastq.gz	/home/users/eunseo916/yunna02102/fastq/SRR19064371_2.fastq.gz
SRR19064376	/home/users/eunseo916/yunna02102/fastq/SRR19064376_1.fastq.gz	/home/users/eunseo916/yunna02102/fastq/SRR19064376_2.fastq.gz
SRR19064380	/home/users/eunseo916/yunna02102/fastq/SRR19064380_1.fastq.gz	/home/users/eunseo916/yunna02102/fastq/SRR19064380_2.fastq.gz
SRR19064381	/home/users/eunseo916/yunna02102/fastq/SRR19064381_1.fastq.gz	/home/users/eunseo916/yunna02102/fastq/SRR19064381_2.fastq.gz
SRR19064384	/home/users/eunseo916/yunna02102/fastq/SRR19064384_1.fastq.gz	/home/users/eunseo916/yunna02102/fastq/SRR19064384_2.fastq.gz
SRR19064386	/home/users/eunseo916/yunna02102/fastq/SRR19064386_1.fastq.gz	/home/users/eunseo916/yunna02102/fastq/SRR19064386_2.fastq.gz
SRR19064388	/home/users/eunseo916/yunna02102/fastq/SRR19064388_1.fastq.gz	/home/users/eunseo916/yunna02102/fastq/SRR19064388_2.fastq.gz
SRR19064390	/home/users/eunseo916/yunna02102/fastq/SRR19064390_1.fastq.gz	/home/users/eunseo916/yunna02102/fastq/SRR19064390_2.fastq.gz
SRR19064391	/home/users/eunseo916/yunna02102/fastq/SRR19064391_1.fastq.gz	/home/users/eunseo916/yunna02102/fastq/SRR19064391_2.fastq.gz
SRR19064392	/home/users/eunseo916/yunna02102/fastq/SRR19064392_1.fastq.gz	/home/users/eunseo916/yunna02102/fastq/SRR19064392_2.fastq.gz
SRR19064394	/home/users/eunseo916/yunna02102/fastq/SRR19064394_1.fastq.gz	/home/users/eunseo916/yunna02102/fastq/SRR19064394_2.fastq.gz
SRR19064398	/home/users/eunseo916/yunna02102/fastq/SRR19064398_1.fastq.gz	/home/users/eunseo916/yunna02102/fastq/SRR19064398_2.fastq.gz
SRR19064399	/home/users/eunseo916/yunna02102/fastq/SRR19064399_1.fastq.gz	/home/users/eunseo916/yunna02102/fastq/SRR19064399_2.fastq.gz
SRR19064400	/home/users/eunseo916/yunna02102/fastq/SRR19064400_1.fastq.gz	/home/users/eunseo916/yunna02102/fastq/SRR19064400_2.fastq.gz
SRR19064405	/home/users/eunseo916/yunna02102/fastq/SRR19064405_1.fastq.gz	/home/users/eunseo916/yunna02102/fastq/SRR19064405_2.fastq.gz
SRR19064406	/home/users/eunseo916/yunna02102/fastq/SRR19064406_1.fastq.gz	/home/users/eunseo916/yunna02102/fastq/SRR19064406_2.fastq.gz
SRR19064407	/home/users/eunseo916/yunna02102/fastq/SRR19064407_1.fastq.gz	/home/users/eunseo916/yunna02102/fastq/SRR19064407_2.fastq.gz
SRR19064412	/home/users/eunseo916/yunna02102/fastq/SRR19064412_1.fastq.gz	/home/users/eunseo916/yunna02102/fastq/SRR19064412_2.fastq.gz
SRR19064413	/home/users/eunseo916/yunna02102/fastq/SRR19064413_1.fastq.gz	/home/users/eunseo916/yunna02102/fastq/SRR19064413_2.fastq.gz
SRR19064414	/home/users/eunseo916/yunna02102/fastq/SRR19064414_1.fastq.gz	/home/users/eunseo916/yunna02102/fastq/SRR19064414_2.fastq.gz
SRR19064415	/home/users/eunseo916/yunna02102/fastq/SRR19064415_1.fastq.gz	/home/users/eunseo916/yunna02102/fastq/SRR19064415_2.fastq.gz
SRR19064417	/home/users/eunseo916/yunna02102/fastq/SRR19064417_1.fastq.gz	/home/users/eunseo916/yunna02102/fastq/SRR19064417_2.fastq.gz
SRR19064423	/home/users/eunseo916/yunna02102/fastq/SRR19064423_1.fastq.gz	/home/users/eunseo916/yunna02102/fastq/SRR19064423_2.fastq.gz
SRR19064425	/home/users/eunseo916/yunna02102/fastq/SRR19064425_1.fastq.gz	/home/users/eunseo916/yunna02102/fastq/SRR19064425_2.fastq.gz
SRR19064431	/home/users/eunseo916/yunna02102/fastq/SRR19064431_1.fastq.gz	/home/users/eunseo916/yunna02102/fastq/SRR19064431_2.fastq.gz
SRR19064435	/home/users/eunseo916/yunna02102/fastq/SRR19064435_1.fastq.gz	/home/users/eunseo916/yunna02102/fastq/SRR19064435_2.fastq.gz
SRR19064441	/home/users/eunseo916/yunna02102/fastq/SRR19064441_1.fastq.gz	/home/users/eunseo916/yunna02102/fastq/SRR19064441_2.fastq.gz
SRR19064442	/home/users/eunseo916/yunna02102/fastq/SRR19064442_1.fastq.gz	/home/users/eunseo916/yunna02102/fastq/SRR19064442_2.fastq.gz
SRR19064449	/home/users/eunseo916/yunna02102/fastq/SRR19064449_1.fastq.gz	/home/users/eunseo916/yunna02102/fastq/SRR19064449_2.fastq.gz
SRR19064452	/home/users/eunseo916/yunna02102/fastq/SRR19064452_1.fastq.gz	/home/users/eunseo916/yunna02102/fastq/SRR19064452_2.fastq.gz
SRR19064453	/home/users/eunseo916/yunna02102/fastq/SRR19064453_1.fastq.gz	/home/users/eunseo916/yunna02102/fastq/SRR19064453_2.fastq.gz
SRR19064455	/home/users/eunseo916/yunna02102/fastq/SRR19064455_1.fastq.gz	/home/users/eunseo916/yunna02102/fastq/SRR19064455_2.fastq.gz
SRR19064457	/home/users/eunseo916/yunna02102/fastq/SRR19064457_1.fastq.gz	/home/users/eunseo916/yunna02102/fastq/SRR19064457_2.fastq.gz
SRR19064460	/home/users/eunseo916/yunna02102/fastq/SRR19064460_1.fastq.gz	/home/users/eunseo916/yunna02102/fastq/SRR19064460_2.fastq.gz
SRR19064464	/home/users/eunseo916/yunna02102/fastq/SRR19064464_1.fastq.gz	/home/users/eunseo916/yunna02102/fastq/SRR19064464_2.fastq.gz
SRR19064465	/home/users/eunseo916/yunna02102/fastq/SRR19064465_1.fastq.gz	/home/users/eunseo916/yunna02102/fastq/SRR19064465_2.fastq.gz
SRR19064473	/home/users/eunseo916/yunna02102/fastq/SRR19064473_1.fastq.gz	/home/users/eunseo916/yunna02102/fastq/SRR19064473_2.fastq.gz
SRR19064475	/home/users/eunseo916/yunna02102/fastq/SRR19064475_1.fastq.gz	/home/users/eunseo916/yunna02102/fastq/SRR19064475_2.fastq.gz
SRR19064477	/home/users/eunseo916/yunna02102/fastq/SRR19064477_1.fastq.gz	/home/users/eunseo916/yunna02102/fastq/SRR19064477_2.fastq.gz
SRR19064478	/home/users/eunseo916/yunna02102/fastq/SRR19064478_1.fastq.gz	/home/users/eunseo916/yunna02102/fastq/SRR19064478_2.fastq.gz
SRR19064483	/home/users/eunseo916/yunna02102/fastq/SRR19064483_1.fastq.gz	/home/users/eunseo916/yunna02102/fastq/SRR19064483_2.fastq.gz
SRR19064484	/home/users/eunseo916/yunna02102/fastq/SRR19064484_1.fastq.gz	/home/users/eunseo916/yunna02102/fastq/SRR19064484_2.fastq.gz
SRR19064492	/home/users/eunseo916/yunna02102/fastq/SRR19064492_1.fastq.gz	/home/users/eunseo916/yunna02102/fastq/SRR19064492_2.fastq.gz
SRR19064494	/home/users/eunseo916/yunna02102/fastq/SRR19064494_1.fastq.gz	/home/users/eunseo916/yunna02102/fastq/SRR19064494_2.fastq.gz
SRR19064497	/home/users/eunseo916/yunna02102/fastq/SRR19064497_1.fastq.gz	/home/users/eunseo916/yunna02102/fastq/SRR19064497_2.fastq.gz
SRR19064498	/home/users/eunseo916/yunna02102/fastq/SRR19064498_1.fastq.gz	/home/users/eunseo916/yunna02102/fastq/SRR19064498_2.fastq.gz
SRR19064499	/home/users/eunseo916/yunna02102/fastq/SRR19064499_1.fastq.gz	/home/users/eunseo916/yunna02102/fastq/SRR19064499_2.fastq.gz
SRR19064500	/home/users/eunseo916/yunna02102/fastq/SRR19064500_1.fastq.gz	/home/users/eunseo916/yunna02102/fastq/SRR19064500_2.fastq.gz
SRR19064503	/home/users/eunseo916/yunna02102/fastq/SRR19064503_1.fastq.gz	/home/users/eunseo916/yunna02102/fastq/SRR19064503_2.fastq.gz
SRR19064506	/home/users/eunseo916/yunna02102/fastq/SRR19064506_1.fastq.gz	/home/users/eunseo916/yunna02102/fastq/SRR19064506_2.fastq.gz
SRR19064509	/home/users/eunseo916/yunna02102/fastq/SRR19064509_1.fastq.gz	/home/users/eunseo916/yunna02102/fastq/SRR19064509_2.fastq.gz
SRR19064510	/home/users/eunseo916/yunna02102/fastq/SRR19064510_1.fastq.gz	/home/users/eunseo916/yunna02102/fastq/SRR19064510_2.fastq.gz
SRR19064511	/home/users/eunseo916/yunna02102/fastq/SRR19064511_1.fastq.gz	/home/users/eunseo916/yunna02102/fastq/SRR19064511_2.fastq.gz
SRR19064512	/home/users/eunseo916/yunna02102/fastq/SRR19064512_1.fastq.gz	/home/users/eunseo916/yunna02102/fastq/SRR19064512_2.fastq.gz
SRR19064513	/home/users/eunseo916/yunna02102/fastq/SRR19064513_1.fastq.gz	/home/users/eunseo916/yunna02102/fastq/SRR19064513_2.fastq.gz
SRR19064520	/home/users/eunseo916/yunna02102/fastq/SRR19064520_1.fastq.gz	/home/users/eunseo916/yunna02102/fastq/SRR19064520_2.fastq.gz
SRR19064522	/home/users/eunseo916/yunna02102/fastq/SRR19064522_1.fastq.gz	/home/users/eunseo916/yunna02102/fastq/SRR19064522_2.fastq.gz
SRR19064524	/home/users/eunseo916/yunna02102/fastq/SRR19064524_1.fastq.gz	/home/users/eunseo916/yunna02102/fastq/SRR19064524_2.fastq.gz
SRR19064525	/home/users/eunseo916/yunna02102/fastq/SRR19064525_1.fastq.gz	/home/users/eunseo916/yunna02102/fastq/SRR19064525_2.fastq.gz
SRR19064526	/home/users/eunseo916/yunna02102/fastq/SRR19064526_1.fastq.gz	/home/users/eunseo916/yunna02102/fastq/SRR19064526_2.fastq.gz
SRR19064527	/home/users/eunseo916/yunna02102/fastq/SRR19064527_1.fastq.gz	/home/users/eunseo916/yunna02102/fastq/SRR19064527_2.fastq.gz
SRR19064529	/home/users/eunseo916/yunna02102/fastq/SRR19064529_1.fastq.gz	/home/users/eunseo916/yunna02102/fastq/SRR19064529_2.fastq.gz
SRR19064532	/home/users/eunseo916/yunna02102/fastq/SRR19064532_1.fastq.gz	/home/users/eunseo916/yunna02102/fastq/SRR19064532_2.fastq.gz
SRR19064533	/home/users/eunseo916/yunna02102/fastq/SRR19064533_1.fastq.gz	/home/users/eunseo916/yunna02102/fastq/SRR19064533_2.fastq.gz
SRR19064535	/home/users/eunseo916/yunna02102/fastq/SRR19064535_1.fastq.gz	/home/users/eunseo916/yunna02102/fastq/SRR19064535_2.fastq.gz
SRR19064537	/home/users/eunseo916/yunna02102/fastq/SRR19064537_1.fastq.gz	/home/users/eunseo916/yunna02102/fastq/SRR19064537_2.fastq.gz
SRR19064539	/home/users/eunseo916/yunna02102/fastq/SRR19064539_1.fastq.gz	/home/users/eunseo916/yunna02102/fastq/SRR19064539_2.fastq.gz
SRR19064551	/home/users/eunseo916/yunna02102/fastq/SRR19064551_1.fastq.gz	/home/users/eunseo916/yunna02102/fastq/SRR19064551_2.fastq.gz
SRR19064553	/home/users/eunseo916/yunna02102/fastq/SRR19064553_1.fastq.gz	/home/users/eunseo916/yunna02102/fastq/SRR19064553_2.fastq.gz
SRR19064554	/home/users/eunseo916/yunna02102/fastq/SRR19064554_1.fastq.gz	/home/users/eunseo916/yunna02102/fastq/SRR19064554_2.fastq.gz
SRR19064555	/home/users/eunseo916/yunna02102/fastq/SRR19064555_1.fastq.gz	/home/users/eunseo916/yunna02102/fastq/SRR19064555_2.fastq.gz
SRR19064557	/home/users/eunseo916/yunna02102/fastq/SRR19064557_1.fastq.gz	/home/users/eunseo916/yunna02102/fastq/SRR19064557_2.fastq.gz
SRR19064558	/home/users/eunseo916/yunna02102/fastq/SRR19064558_1.fastq.gz	/home/users/eunseo916/yunna02102/fastq/SRR19064558_2.fastq.gz
SRR19064559	/home/users/eunseo916/yunna02102/fastq/SRR19064559_1.fastq.gz	/home/users/eunseo916/yunna02102/fastq/SRR19064559_2.fastq.gz
SRR19064562	/home/users/eunseo916/yunna02102/fastq/SRR19064562_1.fastq.gz	/home/users/eunseo916/yunna02102/fastq/SRR19064562_2.fastq.gz
SRR19064564	/home/users/eunseo916/yunna02102/fastq/SRR19064564_1.fastq.gz	/home/users/eunseo916/yunna02102/fastq/SRR19064564_2.fastq.gz
SRR19064566	/home/users/eunseo916/yunna02102/fastq/SRR19064566_1.fastq.gz	/home/users/eunseo916/yunna02102/fastq/SRR19064566_2.fastq.gz
SRR19064569	/home/users/eunseo916/yunna02102/fastq/SRR19064569_1.fastq.gz	/home/users/eunseo916/yunna02102/fastq/SRR19064569_2.fastq.gz
SRR19064571	/home/users/eunseo916/yunna02102/fastq/SRR19064571_1.fastq.gz	/home/users/eunseo916/yunna02102/fastq/SRR19064571_2.fastq.gz
SRR19064572	/home/users/eunseo916/yunna02102/fastq/SRR19064572_1.fastq.gz	/home/users/eunseo916/yunna02102/fastq/SRR19064572_2.fastq.gz
SRR19064573	/home/users/eunseo916/yunna02102/fastq/SRR19064573_1.fastq.gz	/home/users/eunseo916/yunna02102/fastq/SRR19064573_2.fastq.gz
SRR19064577	/home/users/eunseo916/yunna02102/fastq/SRR19064577_1.fastq.gz	/home/users/eunseo916/yunna02102/fastq/SRR19064577_2.fastq.gz
SRR19064578	/home/users/eunseo916/yunna02102/fastq/SRR19064578_1.fastq.gz	/home/users/eunseo916/yunna02102/fastq/SRR19064578_2.fastq.gz
SRR19064582	/home/users/eunseo916/yunna02102/fastq/SRR19064582_1.fastq.gz	/home/users/eunseo916/yunna02102/fastq/SRR19064582_2.fastq.gz
SRR19064585	/home/users/eunseo916/yunna02102/fastq/SRR19064585_1.fastq.gz	/home/users/eunseo916/yunna02102/fastq/SRR19064585_2.fastq.gz
SRR19064592	/home/users/eunseo916/yunna02102/fastq/SRR19064592_1.fastq.gz	/home/users/eunseo916/yunna02102/fastq/SRR19064592_2.fastq.gz
SRR19064598	/home/users/eunseo916/yunna02102/fastq/SRR19064598_1.fastq.gz	/home/users/eunseo916/yunna02102/fastq/SRR19064598_2.fastq.gz
SRR19064602	/home/users/eunseo916/yunna02102/fastq/SRR19064602_1.fastq.gz	/home/users/eunseo916/yunna02102/fastq/SRR19064602_2.fastq.gz
SRR19064603	/home/users/eunseo916/yunna02102/fastq/SRR19064603_1.fastq.gz	/home/users/eunseo916/yunna02102/fastq/SRR19064603_2.fastq.gz
SRR19064608	/home/users/eunseo916/yunna02102/fastq/SRR19064608_1.fastq.gz	/home/users/eunseo916/yunna02102/fastq/SRR19064608_2.fastq.gz
SRR19064609	/home/users/eunseo916/yunna02102/fastq/SRR19064609_1.fastq.gz	/home/users/eunseo916/yunna02102/fastq/SRR19064609_2.fastq.gz
SRR19064612	/home/users/eunseo916/yunna02102/fastq/SRR19064612_1.fastq.gz	/home/users/eunseo916/yunna02102/fastq/SRR19064612_2.fastq.gz
SRR19064613	/home/users/eunseo916/yunna02102/fastq/SRR19064613_1.fastq.gz	/home/users/eunseo916/yunna02102/fastq/SRR19064613_2.fastq.gz
SRR19064614	/home/users/eunseo916/yunna02102/fastq/SRR19064614_1.fastq.gz	/home/users/eunseo916/yunna02102/fastq/SRR19064614_2.fastq.gz
SRR19064615	/home/users/eunseo916/yunna02102/fastq/SRR19064615_1.fastq.gz	/home/users/eunseo916/yunna02102/fastq/SRR19064615_2.fastq.gz
SRR19064619	/home/users/eunseo916/yunna02102/fastq/SRR19064619_1.fastq.gz	/home/users/eunseo916/yunna02102/fastq/SRR19064619_2.fastq.gz
SRR19064620	/home/users/eunseo916/yunna02102/fastq/SRR19064620_1.fastq.gz	/home/users/eunseo916/yunna02102/fastq/SRR19064620_2.fastq.gz
SRR19064621	/home/users/eunseo916/yunna02102/fastq/SRR19064621_1.fastq.gz	/home/users/eunseo916/yunna02102/fastq/SRR19064621_2.fastq.gz
SRR19064629	/home/users/eunseo916/yunna02102/fastq/SRR19064629_1.fastq.gz	/home/users/eunseo916/yunna02102/fastq/SRR19064629_2.fastq.gz
SRR19064630	/home/users/eunseo916/yunna02102/fastq/SRR19064630_1.fastq.gz	/home/users/eunseo916/yunna02102/fastq/SRR19064630_2.fastq.gz
SRR19064637	/home/users/eunseo916/yunna02102/fastq/SRR19064637_1.fastq.gz	/home/users/eunseo916/yunna02102/fastq/SRR19064637_2.fastq.gz
SRR19064640	/home/users/eunseo916/yunna02102/fastq/SRR19064640_1.fastq.gz	/home/users/eunseo916/yunna02102/fastq/SRR19064640_2.fastq.gz
SRR19064644	/home/users/eunseo916/yunna02102/fastq/SRR19064644_1.fastq.gz	/home/users/eunseo916/yunna02102/fastq/SRR19064644_2.fastq.gz
SRR19064649	/home/users/eunseo916/yunna02102/fastq/SRR19064649_1.fastq.gz	/home/users/eunseo916/yunna02102/fastq/SRR19064649_2.fastq.gz
SRR19064654	/home/users/eunseo916/yunna02102/fastq/SRR19064654_1.fastq.gz	/home/users/eunseo916/yunna02102/fastq/SRR19064654_2.fastq.gz
SRR19064660	/home/users/eunseo916/yunna02102/fastq/SRR19064660_1.fastq.gz	/home/users/eunseo916/yunna02102/fastq/SRR19064660_2.fastq.gz
SRR19064662	/home/users/eunseo916/yunna02102/fastq/SRR19064662_1.fastq.gz	/home/users/eunseo916/yunna02102/fastq/SRR19064662_2.fastq.gz
SRR19064664	/home/users/eunseo916/yunna02102/fastq/SRR19064664_1.fastq.gz	/home/users/eunseo916/yunna02102/fastq/SRR19064664_2.fastq.gz
SRR19064667	/home/users/eunseo916/yunna02102/fastq/SRR19064667_1.fastq.gz	/home/users/eunseo916/yunna02102/fastq/SRR19064667_2.fastq.gz
SRR19064668	/home/users/eunseo916/yunna02102/fastq/SRR19064668_1.fastq.gz	/home/users/eunseo916/yunna02102/fastq/SRR19064668_2.fastq.gz
SRR19064671	/home/users/eunseo916/yunna02102/fastq/SRR19064671_1.fastq.gz	/home/users/eunseo916/yunna02102/fastq/SRR19064671_2.fastq.gz
SRR19064676	/home/users/eunseo916/yunna02102/fastq/SRR19064676_1.fastq.gz	/home/users/eunseo916/yunna02102/fastq/SRR19064676_2.fastq.gz
SRR19064679	/home/users/eunseo916/yunna02102/fastq/SRR19064679_1.fastq.gz	/home/users/eunseo916/yunna02102/fastq/SRR19064679_2.fastq.gz
SRR19064681	/home/users/eunseo916/yunna02102/fastq/SRR19064681_1.fastq.gz	/home/users/eunseo916/yunna02102/fastq/SRR19064681_2.fastq.gz
SRR19064683	/home/users/eunseo916/yunna02102/fastq/SRR19064683_1.fastq.gz	/home/users/eunseo916/yunna02102/fastq/SRR19064683_2.fastq.gz
SRR19064685	/home/users/eunseo916/yunna02102/fastq/SRR19064685_1.fastq.gz	/home/users/eunseo916/yunna02102/fastq/SRR19064685_2.fastq.gz
SRR19064689	/home/users/eunseo916/yunna02102/fastq/SRR19064689_1.fastq.gz	/home/users/eunseo916/yunna02102/fastq/SRR19064689_2.fastq.gz
SRR19064690	/home/users/eunseo916/yunna02102/fastq/SRR19064690_1.fastq.gz	/home/users/eunseo916/yunna02102/fastq/SRR19064690_2.fastq.gz
SRR19064694	/home/users/eunseo916/yunna02102/fastq/SRR19064694_1.fastq.gz	/home/users/eunseo916/yunna02102/fastq/SRR19064694_2.fastq.gz
SRR19064698	/home/users/eunseo916/yunna02102/fastq/SRR19064698_1.fastq.gz	/home/users/eunseo916/yunna02102/fastq/SRR19064698_2.fastq.gz
SRR19064701	/home/users/eunseo916/yunna02102/fastq/SRR19064701_1.fastq.gz	/home/users/eunseo916/yunna02102/fastq/SRR19064701_2.fastq.gz
SRR19064707	/home/users/eunseo916/yunna02102/fastq/SRR19064707_1.fastq.gz	/home/users/eunseo916/yunna02102/fastq/SRR19064707_2.fastq.gz
SRR19064708	/home/users/eunseo916/yunna02102/fastq/SRR19064708_1.fastq.gz	/home/users/eunseo916/yunna02102/fastq/SRR19064708_2.fastq.gz
SRR19064711	/home/users/eunseo916/yunna02102/fastq/SRR19064711_1.fastq.gz	/home/users/eunseo916/yunna02102/fastq/SRR19064711_2.fastq.gz
SRR19064712	/home/users/eunseo916/yunna02102/fastq/SRR19064712_1.fastq.gz	/home/users/eunseo916/yunna02102/fastq/SRR19064712_2.fastq.gz
SRR19064716	/home/users/eunseo916/yunna02102/fastq/SRR19064716_1.fastq.gz	/home/users/eunseo916/yunna02102/fastq/SRR19064716_2.fastq.gz
SRR19064718	/home/users/eunseo916/yunna02102/fastq/SRR19064718_1.fastq.gz	/home/users/eunseo916/yunna02102/fastq/SRR19064718_2.fastq.gz
SRR19064722	/home/users/eunseo916/yunna02102/fastq/SRR19064722_1.fastq.gz	/home/users/eunseo916/yunna02102/fastq/SRR19064722_2.fastq.gz
SRR19064729	/home/users/eunseo916/yunna02102/fastq/SRR19064729_1.fastq.gz	/home/users/eunseo916/yunna02102/fastq/SRR19064729_2.fastq.gz
SRR19064730	/home/users/eunseo916/yunna02102/fastq/SRR19064730_1.fastq.gz	/home/users/eunseo916/yunna02102/fastq/SRR19064730_2.fastq.gz
SRR19064733	/home/users/eunseo916/yunna02102/fastq/SRR19064733_1.fastq.gz	/home/users/eunseo916/yunna02102/fastq/SRR19064733_2.fastq.gz
SRR19064735	/home/users/eunseo916/yunna02102/fastq/SRR19064735_1.fastq.gz	/home/users/eunseo916/yunna02102/fastq/SRR19064735_2.fastq.gz
SRR19064737	/home/users/eunseo916/yunna02102/fastq/SRR19064737_1.fastq.gz	/home/users/eunseo916/yunna02102/fastq/SRR19064737_2.fastq.gz
SRR19064740	/home/users/eunseo916/yunna02102/fastq/SRR19064740_1.fastq.gz	/home/users/eunseo916/yunna02102/fastq/SRR19064740_2.fastq.gz
SRR19064746	/home/users/eunseo916/yunna02102/fastq/SRR19064746_1.fastq.gz	/home/users/eunseo916/yunna02102/fastq/SRR19064746_2.fastq.gz
SRR19064748	/home/users/eunseo916/yunna02102/fastq/SRR19064748_1.fastq.gz	/home/users/eunseo916/yunna02102/fastq/SRR19064748_2.fastq.gz
SRR19064752	/home/users/eunseo916/yunna02102/fastq/SRR19064752_1.fastq.gz	/home/users/eunseo916/yunna02102/fastq/SRR19064752_2.fastq.gz
SRR19064756	/home/users/eunseo916/yunna02102/fastq/SRR19064756_1.fastq.gz	/home/users/eunseo916/yunna02102/fastq/SRR19064756_2.fastq.gz
SRR19064762	/home/users/eunseo916/yunna02102/fastq/SRR19064762_1.fastq.gz	/home/users/eunseo916/yunna02102/fastq/SRR19064762_2.fastq.gz
SRR19064765	/home/users/eunseo916/yunna02102/fastq/SRR19064765_1.fastq.gz	/home/users/eunseo916/yunna02102/fastq/SRR19064765_2.fastq.gz
SRR19064769	/home/users/eunseo916/yunna02102/fastq/SRR19064769_1.fastq.gz	/home/users/eunseo916/yunna02102/fastq/SRR19064769_2.fastq.gz
SRR19064770	/home/users/eunseo916/yunna02102/fastq/SRR19064770_1.fastq.gz	/home/users/eunseo916/yunna02102/fastq/SRR19064770_2.fastq.gz
SRR19064782	/home/users/eunseo916/yunna02102/fastq/SRR19064782_1.fastq.gz	/home/users/eunseo916/yunna02102/fastq/SRR19064782_2.fastq.gz
SRR19064784	/home/users/eunseo916/yunna02102/fastq/SRR19064784_1.fastq.gz	/home/users/eunseo916/yunna02102/fastq/SRR19064784_2.fastq.gz
SRR19064789	/home/users/eunseo916/yunna02102/fastq/SRR19064789_1.fastq.gz	/home/users/eunseo916/yunna02102/fastq/SRR19064789_2.fastq.gz
SRR19064790	/home/users/eunseo916/yunna02102/fastq/SRR19064790_1.fastq.gz	/home/users/eunseo916/yunna02102/fastq/SRR19064790_2.fastq.gz
SRR19064793	/home/users/eunseo916/yunna02102/fastq/SRR19064793_1.fastq.gz	/home/users/eunseo916/yunna02102/fastq/SRR19064793_2.fastq.gz
SRR19064794	/home/users/eunseo916/yunna02102/fastq/SRR19064794_1.fastq.gz	/home/users/eunseo916/yunna02102/fastq/SRR19064794_2.fastq.gz
SRR19064795	/home/users/eunseo916/yunna02102/fastq/SRR19064795_1.fastq.gz	/home/users/eunseo916/yunna02102/fastq/SRR19064795_2.fastq.gz
SRR19064804	/home/users/eunseo916/yunna02102/fastq/SRR19064804_1.fastq.gz	/home/users/eunseo916/yunna02102/fastq/SRR19064804_2.fastq.gz
SRR19064805	/home/users/eunseo916/yunna02102/fastq/SRR19064805_1.fastq.gz	/home/users/eunseo916/yunna02102/fastq/SRR19064805_2.fastq.gz
SRR19064806	/home/users/eunseo916/yunna02102/fastq/SRR19064806_1.fastq.gz	/home/users/eunseo916/yunna02102/fastq/SRR19064806_2.fastq.gz
SRR19064807	/home/users/eunseo916/yunna02102/fastq/SRR19064807_1.fastq.gz	/home/users/eunseo916/yunna02102/fastq/SRR19064807_2.fastq.gz
SRR19064815	/home/users/eunseo916/yunna02102/fastq/SRR19064815_1.fastq.gz	/home/users/eunseo916/yunna02102/fastq/SRR19064815_2.fastq.gz
SRR19064817	/home/users/eunseo916/yunna02102/fastq/SRR19064817_1.fastq.gz	/home/users/eunseo916/yunna02102/fastq/SRR19064817_2.fastq.gz
SRR19064819	/home/users/eunseo916/yunna02102/fastq/SRR19064819_1.fastq.gz	/home/users/eunseo916/yunna02102/fastq/SRR19064819_2.fastq.gz
SRR19064820	/home/users/eunseo916/yunna02102/fastq/SRR19064820_1.fastq.gz	/home/users/eunseo916/yunna02102/fastq/SRR19064820_2.fastq.gz
SRR19064822	/home/users/eunseo916/yunna02102/fastq/SRR19064822_1.fastq.gz	/home/users/eunseo916/yunna02102/fastq/SRR19064822_2.fastq.gz
SRR19064827	/home/users/eunseo916/yunna02102/fastq/SRR19064827_1.fastq.gz	/home/users/eunseo916/yunna02102/fastq/SRR19064827_2.fastq.gz
SRR19064830	/home/users/eunseo916/yunna02102/fastq/SRR19064830_1.fastq.gz	/home/users/eunseo916/yunna02102/fastq/SRR19064830_2.fastq.gz
SRR19064831	/home/users/eunseo916/yunna02102/fastq/SRR19064831_1.fastq.gz	/home/users/eunseo916/yunna02102/fastq/SRR19064831_2.fastq.gz
SRR19064834	/home/users/eunseo916/yunna02102/fastq/SRR19064834_1.fastq.gz	/home/users/eunseo916/yunna02102/fastq/SRR19064834_2.fastq.gz
SRR19064836	/home/users/eunseo916/yunna02102/fastq/SRR19064836_1.fastq.gz	/home/users/eunseo916/yunna02102/fastq/SRR19064836_2.fastq.gz
SRR19064838	/home/users/eunseo916/yunna02102/fastq/SRR19064838_1.fastq.gz	/home/users/eunseo916/yunna02102/fastq/SRR19064838_2.fastq.gz
SRR19064840	/home/users/eunseo916/yunna02102/fastq/SRR19064840_1.fastq.gz	/home/users/eunseo916/yunna02102/fastq/SRR19064840_2.fastq.gz
SRR19064841	/home/users/eunseo916/yunna02102/fastq/SRR19064841_1.fastq.gz	/home/users/eunseo916/yunna02102/fastq/SRR19064841_2.fastq.gz
SRR19064845	/home/users/eunseo916/yunna02102/fastq/SRR19064845_1.fastq.gz	/home/users/eunseo916/yunna02102/fastq/SRR19064845_2.fastq.gz
SRR19064853	/home/users/eunseo916/yunna02102/fastq/SRR19064853_1.fastq.gz	/home/users/eunseo916/yunna02102/fastq/SRR19064853_2.fastq.gz
SRR19064854	/home/users/eunseo916/yunna02102/fastq/SRR19064854_1.fastq.gz	/home/users/eunseo916/yunna02102/fastq/SRR19064854_2.fastq.gz
SRR19064857	/home/users/eunseo916/yunna02102/fastq/SRR19064857_1.fastq.gz	/home/users/eunseo916/yunna02102/fastq/SRR19064857_2.fastq.gz
SRR19064858	/home/users/eunseo916/yunna02102/fastq/SRR19064858_1.fastq.gz	/home/users/eunseo916/yunna02102/fastq/SRR19064858_2.fastq.gz
SRR19064862	/home/users/eunseo916/yunna02102/fastq/SRR19064862_1.fastq.gz	/home/users/eunseo916/yunna02102/fastq/SRR19064862_2.fastq.gz
SRR19064866	/home/users/eunseo916/yunna02102/fastq/SRR19064866_1.fastq.gz	/home/users/eunseo916/yunna02102/fastq/SRR19064866_2.fastq.gz
SRR19064867	/home/users/eunseo916/yunna02102/fastq/SRR19064867_1.fastq.gz	/home/users/eunseo916/yunna02102/fastq/SRR19064867_2.fastq.gz
SRR19064869	/home/users/eunseo916/yunna02102/fastq/SRR19064869_1.fastq.gz	/home/users/eunseo916/yunna02102/fastq/SRR19064869_2.fastq.gz
SRR19064879	/home/users/eunseo916/yunna02102/fastq/SRR19064879_1.fastq.gz	/home/users/eunseo916/yunna02102/fastq/SRR19064879_2.fastq.gz
SRR19064884	/home/users/eunseo916/yunna02102/fastq/SRR19064884_1.fastq.gz	/home/users/eunseo916/yunna02102/fastq/SRR19064884_2.fastq.gz
SRR19064885	/home/users/eunseo916/yunna02102/fastq/SRR19064885_1.fastq.gz	/home/users/eunseo916/yunna02102/fastq/SRR19064885_2.fastq.gz
SRR19064891	/home/users/eunseo916/yunna02102/fastq/SRR19064891_1.fastq.gz	/home/users/eunseo916/yunna02102/fastq/SRR19064891_2.fastq.gz
SRR19064892	/home/users/eunseo916/yunna02102/fastq/SRR19064892_1.fastq.gz	/home/users/eunseo916/yunna02102/fastq/SRR19064892_2.fastq.gz
SRR19064894	/home/users/eunseo916/yunna02102/fastq/SRR19064894_1.fastq.gz	/home/users/eunseo916/yunna02102/fastq/SRR19064894_2.fastq.gz
SRR19064895	/home/users/eunseo916/yunna02102/fastq/SRR19064895_1.fastq.gz	/home/users/eunseo916/yunna02102/fastq/SRR19064895_2.fastq.gz
SRR19064896	/home/users/eunseo916/yunna02102/fastq/SRR19064896_1.fastq.gz	/home/users/eunseo916/yunna02102/fastq/SRR19064896_2.fastq.gz
SRR19064897	/home/users/eunseo916/yunna02102/fastq/SRR19064897_1.fastq.gz	/home/users/eunseo916/yunna02102/fastq/SRR19064897_2.fastq.gz
SRR19064904	/home/users/eunseo916/yunna02102/fastq/SRR19064904_1.fastq.gz	/home/users/eunseo916/yunna02102/fastq/SRR19064904_2.fastq.gz
SRR19064908	/home/users/eunseo916/yunna02102/fastq/SRR19064908_1.fastq.gz	/home/users/eunseo916/yunna02102/fastq/SRR19064908_2.fastq.gz
SRR19064909	/home/users/eunseo916/yunna02102/fastq/SRR19064909_1.fastq.gz	/home/users/eunseo916/yunna02102/fastq/SRR19064909_2.fastq.gz
SRR19064912	/home/users/eunseo916/yunna02102/fastq/SRR19064912_1.fastq.gz	/home/users/eunseo916/yunna02102/fastq/SRR19064912_2.fastq.gz
SRR19064913	/home/users/eunseo916/yunna02102/fastq/SRR19064913_1.fastq.gz	/home/users/eunseo916/yunna02102/fastq/SRR19064913_2.fastq.gz
SRR19064929	/home/users/eunseo916/yunna02102/fastq/SRR19064929_1.fastq.gz	/home/users/eunseo916/yunna02102/fastq/SRR19064929_2.fastq.gz
SRR19064933	/home/users/eunseo916/yunna02102/fastq/SRR19064933_1.fastq.gz	/home/users/eunseo916/yunna02102/fastq/SRR19064933_2.fastq.gz
SRR19064934	/home/users/eunseo916/yunna02102/fastq/SRR19064934_1.fastq.gz	/home/users/eunseo916/yunna02102/fastq/SRR19064934_2.fastq.gz
SRR19064939	/home/users/eunseo916/yunna02102/fastq/SRR19064939_1.fastq.gz	/home/users/eunseo916/yunna02102/fastq/SRR19064939_2.fastq.gz
SRR19064941	/home/users/eunseo916/yunna02102/fastq/SRR19064941_1.fastq.gz	/home/users/eunseo916/yunna02102/fastq/SRR19064941_2.fastq.gz
SRR19064943	/home/users/eunseo916/yunna02102/fastq/SRR19064943_1.fastq.gz	/home/users/eunseo916/yunna02102/fastq/SRR19064943_2.fastq.gz
SRR19064945	/home/users/eunseo916/yunna02102/fastq/SRR19064945_1.fastq.gz	/home/users/eunseo916/yunna02102/fastq/SRR19064945_2.fastq.gz
SRR19064947	/home/users/eunseo916/yunna02102/fastq/SRR19064947_1.fastq.gz	/home/users/eunseo916/yunna02102/fastq/SRR19064947_2.fastq.gz
SRR19064948	/home/users/eunseo916/yunna02102/fastq/SRR19064948_1.fastq.gz	/home/users/eunseo916/yunna02102/fastq/SRR19064948_2.fastq.gz
SRR19064949	/home/users/eunseo916/yunna02102/fastq/SRR19064949_1.fastq.gz	/home/users/eunseo916/yunna02102/fastq/SRR19064949_2.fastq.gz
SRR19064952	/home/users/eunseo916/yunna02102/fastq/SRR19064952_1.fastq.gz	/home/users/eunseo916/yunna02102/fastq/SRR19064952_2.fastq.gz
SRR19064953	/home/users/eunseo916/yunna02102/fastq/SRR19064953_1.fastq.gz	/home/users/eunseo916/yunna02102/fastq/SRR19064953_2.fastq.gz
SRR19064954	/home/users/eunseo916/yunna02102/fastq/SRR19064954_1.fastq.gz	/home/users/eunseo916/yunna02102/fastq/SRR19064954_2.fastq.gz
SRR19064955	/home/users/eunseo916/yunna02102/fastq/SRR19064955_1.fastq.gz	/home/users/eunseo916/yunna02102/fastq/SRR19064955_2.fastq.gz
SRR19064957	/home/users/eunseo916/yunna02102/fastq/SRR19064957_1.fastq.gz	/home/users/eunseo916/yunna02102/fastq/SRR19064957_2.fastq.gz
SRR19064961	/home/users/eunseo916/yunna02102/fastq/SRR19064961_1.fastq.gz	/home/users/eunseo916/yunna02102/fastq/SRR19064961_2.fastq.gz
SRR19064962	/home/users/eunseo916/yunna02102/fastq/SRR19064962_1.fastq.gz	/home/users/eunseo916/yunna02102/fastq/SRR19064962_2.fastq.gz
SRR19064967	/home/users/eunseo916/yunna02102/fastq/SRR19064967_1.fastq.gz	/home/users/eunseo916/yunna02102/fastq/SRR19064967_2.fastq.gz
SRR19064968	/home/users/eunseo916/yunna02102/fastq/SRR19064968_1.fastq.gz	/home/users/eunseo916/yunna02102/fastq/SRR19064968_2.fastq.gz
SRR19064969	/home/users/eunseo916/yunna02102/fastq/SRR19064969_1.fastq.gz	/home/users/eunseo916/yunna02102/fastq/SRR19064969_2.fastq.gz
SRR19064974	/home/users/eunseo916/yunna02102/fastq/SRR19064974_1.fastq.gz	/home/users/eunseo916/yunna02102/fastq/SRR19064974_2.fastq.gz
SRR19064976	/home/users/eunseo916/yunna02102/fastq/SRR19064976_1.fastq.gz	/home/users/eunseo916/yunna02102/fastq/SRR19064976_2.fastq.gz
SRR19064984	/home/users/eunseo916/yunna02102/fastq/SRR19064984_1.fastq.gz	/home/users/eunseo916/yunna02102/fastq/SRR19064984_2.fastq.gz
SRR19064987	/home/users/eunseo916/yunna02102/fastq/SRR19064987_1.fastq.gz	/home/users/eunseo916/yunna02102/fastq/SRR19064987_2.fastq.gz
SRR19064998	/home/users/eunseo916/yunna02102/fastq/SRR19064998_1.fastq.gz	/home/users/eunseo916/yunna02102/fastq/SRR19064998_2.fastq.gz
SRR19064999	/home/users/eunseo916/yunna02102/fastq/SRR19064999_1.fastq.gz	/home/users/eunseo916/yunna02102/fastq/SRR19064999_2.fastq.gz
SRR19065000	/home/users/eunseo916/yunna02102/fastq/SRR19065000_1.fastq.gz	/home/users/eunseo916/yunna02102/fastq/SRR19065000_2.fastq.gz
SRR19065004	/home/users/eunseo916/yunna02102/fastq/SRR19065004_1.fastq.gz	/home/users/eunseo916/yunna02102/fastq/SRR19065004_2.fastq.gz
SRR19065005	/home/users/eunseo916/yunna02102/fastq/SRR19065005_1.fastq.gz	/home/users/eunseo916/yunna02102/fastq/SRR19065005_2.fastq.gz
SRR19065006	/home/users/eunseo916/yunna02102/fastq/SRR19065006_1.fastq.gz	/home/users/eunseo916/yunna02102/fastq/SRR19065006_2.fastq.gz
SRR19065010	/home/users/eunseo916/yunna02102/fastq/SRR19065010_1.fastq.gz	/home/users/eunseo916/yunna02102/fastq/SRR19065010_2.fastq.gz
SRR19065019	/home/users/eunseo916/yunna02102/fastq/SRR19065019_1.fastq.gz	/home/users/eunseo916/yunna02102/fastq/SRR19065019_2.fastq.gz
SRR19065020	/home/users/eunseo916/yunna02102/fastq/SRR19065020_1.fastq.gz	/home/users/eunseo916/yunna02102/fastq/SRR19065020_2.fastq.gz
SRR19065021	/home/users/eunseo916/yunna02102/fastq/SRR19065021_1.fastq.gz	/home/users/eunseo916/yunna02102/fastq/SRR19065021_2.fastq.gz
SRR19065022	/home/users/eunseo916/yunna02102/fastq/SRR19065022_1.fastq.gz	/home/users/eunseo916/yunna02102/fastq/SRR19065022_2.fastq.gz
SRR19065023	/home/users/eunseo916/yunna02102/fastq/SRR19065023_1.fastq.gz	/home/users/eunseo916/yunna02102/fastq/SRR19065023_2.fastq.gz
SRR19065024	/home/users/eunseo916/yunna02102/fastq/SRR19065024_1.fastq.gz	/home/users/eunseo916/yunna02102/fastq/SRR19065024_2.fastq.gz
SRR19065027	/home/users/eunseo916/yunna02102/fastq/SRR19065027_1.fastq.gz	/home/users/eunseo916/yunna02102/fastq/SRR19065027_2.fastq.gz
SRR19065029	/home/users/eunseo916/yunna02102/fastq/SRR19065029_1.fastq.gz	/home/users/eunseo916/yunna02102/fastq/SRR19065029_2.fastq.gz
SRR19065031	/home/users/eunseo916/yunna02102/fastq/SRR19065031_1.fastq.gz	/home/users/eunseo916/yunna02102/fastq/SRR19065031_2.fastq.gz
SRR19065035	/home/users/eunseo916/yunna02102/fastq/SRR19065035_1.fastq.gz	/home/users/eunseo916/yunna02102/fastq/SRR19065035_2.fastq.gz
SRR19065038	/home/users/eunseo916/yunna02102/fastq/SRR19065038_1.fastq.gz	/home/users/eunseo916/yunna02102/fastq/SRR19065038_2.fastq.gz
SRR19064316	/home/users/eunseo916/yunna02102/fastq/SRR19064316_1.fastq.gz	/home/users/eunseo916/yunna02102/fastq/SRR19064316_2.fastq.gz
SRR19064317	/home/users/eunseo916/yunna02102/fastq/SRR19064317_1.fastq.gz	/home/users/eunseo916/yunna02102/fastq/SRR19064317_2.fastq.gz
SRR19064320	/home/users/eunseo916/yunna02102/fastq/SRR19064320_1.fastq.gz	/home/users/eunseo916/yunna02102/fastq/SRR19064320_2.fastq.gz
SRR19064322	/home/users/eunseo916/yunna02102/fastq/SRR19064322_1.fastq.gz	/home/users/eunseo916/yunna02102/fastq/SRR19064322_2.fastq.gz
SRR19064326	/home/users/eunseo916/yunna02102/fastq/SRR19064326_1.fastq.gz	/home/users/eunseo916/yunna02102/fastq/SRR19064326_2.fastq.gz
SRR19064328	/home/users/eunseo916/yunna02102/fastq/SRR19064328_1.fastq.gz	/home/users/eunseo916/yunna02102/fastq/SRR19064328_2.fastq.gz
SRR19064329	/home/users/eunseo916/yunna02102/fastq/SRR19064329_1.fastq.gz	/home/users/eunseo916/yunna02102/fastq/SRR19064329_2.fastq.gz
SRR19064330	/home/users/eunseo916/yunna02102/fastq/SRR19064330_1.fastq.gz	/home/users/eunseo916/yunna02102/fastq/SRR19064330_2.fastq.gz
SRR19064331	/home/users/eunseo916/yunna02102/fastq/SRR19064331_1.fastq.gz	/home/users/eunseo916/yunna02102/fastq/SRR19064331_2.fastq.gz
SRR19064332	/home/users/eunseo916/yunna02102/fastq/SRR19064332_1.fastq.gz	/home/users/eunseo916/yunna02102/fastq/SRR19064332_2.fastq.gz
SRR19064333	/home/users/eunseo916/yunna02102/fastq/SRR19064333_1.fastq.gz	/home/users/eunseo916/yunna02102/fastq/SRR19064333_2.fastq.gz
SRR19064334	/home/users/eunseo916/yunna02102/fastq/SRR19064334_1.fastq.gz	/home/users/eunseo916/yunna02102/fastq/SRR19064334_2.fastq.gz
SRR19064338	/home/users/eunseo916/yunna02102/fastq/SRR19064338_1.fastq.gz	/home/users/eunseo916/yunna02102/fastq/SRR19064338_2.fastq.gz
SRR19064340	/home/users/eunseo916/yunna02102/fastq/SRR19064340_1.fastq.gz	/home/users/eunseo916/yunna02102/fastq/SRR19064340_2.fastq.gz
SRR19064341	/home/users/eunseo916/yunna02102/fastq/SRR19064341_1.fastq.gz	/home/users/eunseo916/yunna02102/fastq/SRR19064341_2.fastq.gz
SRR19064342	/home/users/eunseo916/yunna02102/fastq/SRR19064342_1.fastq.gz	/home/users/eunseo916/yunna02102/fastq/SRR19064342_2.fastq.gz
SRR19064344	/home/users/eunseo916/yunna02102/fastq/SRR19064344_1.fastq.gz	/home/users/eunseo916/yunna02102/fastq/SRR19064344_2.fastq.gz
SRR19064347	/home/users/eunseo916/yunna02102/fastq/SRR19064347_1.fastq.gz	/home/users/eunseo916/yunna02102/fastq/SRR19064347_2.fastq.gz
SRR19064353	/home/users/eunseo916/yunna02102/fastq/SRR19064353_1.fastq.gz	/home/users/eunseo916/yunna02102/fastq/SRR19064353_2.fastq.gz
SRR19064358	/home/users/eunseo916/yunna02102/fastq/SRR19064358_1.fastq.gz	/home/users/eunseo916/yunna02102/fastq/SRR19064358_2.fastq.gz
SRR19064359	/home/users/eunseo916/yunna02102/fastq/SRR19064359_1.fastq.gz	/home/users/eunseo916/yunna02102/fastq/SRR19064359_2.fastq.gz
SRR19064361	/home/users/eunseo916/yunna02102/fastq/SRR19064361_1.fastq.gz	/home/users/eunseo916/yunna02102/fastq/SRR19064361_2.fastq.gz
SRR19064362	/home/users/eunseo916/yunna02102/fastq/SRR19064362_1.fastq.gz	/home/users/eunseo916/yunna02102/fastq/SRR19064362_2.fastq.gz
SRR19064367	/home/users/eunseo916/yunna02102/fastq/SRR19064367_1.fastq.gz	/home/users/eunseo916/yunna02102/fastq/SRR19064367_2.fastq.gz
SRR19064378	/home/users/eunseo916/yunna02102/fastq/SRR19064378_1.fastq.gz	/home/users/eunseo916/yunna02102/fastq/SRR19064378_2.fastq.gz
SRR19064382	/home/users/eunseo916/yunna02102/fastq/SRR19064382_1.fastq.gz	/home/users/eunseo916/yunna02102/fastq/SRR19064382_2.fastq.gz
SRR19064385	/home/users/eunseo916/yunna02102/fastq/SRR19064385_1.fastq.gz	/home/users/eunseo916/yunna02102/fastq/SRR19064385_2.fastq.gz
SRR19064387	/home/users/eunseo916/yunna02102/fastq/SRR19064387_1.fastq.gz	/home/users/eunseo916/yunna02102/fastq/SRR19064387_2.fastq.gz
SRR19064389	/home/users/eunseo916/yunna02102/fastq/SRR19064389_1.fastq.gz	/home/users/eunseo916/yunna02102/fastq/SRR19064389_2.fastq.gz
SRR19064393	/home/users/eunseo916/yunna02102/fastq/SRR19064393_1.fastq.gz	/home/users/eunseo916/yunna02102/fastq/SRR19064393_2.fastq.gz
SRR19064396	/home/users/eunseo916/yunna02102/fastq/SRR19064396_1.fastq.gz	/home/users/eunseo916/yunna02102/fastq/SRR19064396_2.fastq.gz
SRR19064397	/home/users/eunseo916/yunna02102/fastq/SRR19064397_1.fastq.gz	/home/users/eunseo916/yunna02102/fastq/SRR19064397_2.fastq.gz
SRR19064404	/home/users/eunseo916/yunna02102/fastq/SRR19064404_1.fastq.gz	/home/users/eunseo916/yunna02102/fastq/SRR19064404_2.fastq.gz
SRR19064408	/home/users/eunseo916/yunna02102/fastq/SRR19064408_1.fastq.gz	/home/users/eunseo916/yunna02102/fastq/SRR19064408_2.fastq.gz
SRR19064409	/home/users/eunseo916/yunna02102/fastq/SRR19064409_1.fastq.gz	/home/users/eunseo916/yunna02102/fastq/SRR19064409_2.fastq.gz
SRR19064410	/home/users/eunseo916/yunna02102/fastq/SRR19064410_1.fastq.gz	/home/users/eunseo916/yunna02102/fastq/SRR19064410_2.fastq.gz
SRR19064411	/home/users/eunseo916/yunna02102/fastq/SRR19064411_1.fastq.gz	/home/users/eunseo916/yunna02102/fastq/SRR19064411_2.fastq.gz
SRR19064420	/home/users/eunseo916/yunna02102/fastq/SRR19064420_1.fastq.gz	/home/users/eunseo916/yunna02102/fastq/SRR19064420_2.fastq.gz
SRR19064421	/home/users/eunseo916/yunna02102/fastq/SRR19064421_1.fastq.gz	/home/users/eunseo916/yunna02102/fastq/SRR19064421_2.fastq.gz
SRR19064424	/home/users/eunseo916/yunna02102/fastq/SRR19064424_1.fastq.gz	/home/users/eunseo916/yunna02102/fastq/SRR19064424_2.fastq.gz
SRR19064426	/home/users/eunseo916/yunna02102/fastq/SRR19064426_1.fastq.gz	/home/users/eunseo916/yunna02102/fastq/SRR19064426_2.fastq.gz
SRR19064427	/home/users/eunseo916/yunna02102/fastq/SRR19064427_1.fastq.gz	/home/users/eunseo916/yunna02102/fastq/SRR19064427_2.fastq.gz
SRR19064430	/home/users/eunseo916/yunna02102/fastq/SRR19064430_1.fastq.gz	/home/users/eunseo916/yunna02102/fastq/SRR19064430_2.fastq.gz
SRR19064432	/home/users/eunseo916/yunna02102/fastq/SRR19064432_1.fastq.gz	/home/users/eunseo916/yunna02102/fastq/SRR19064432_2.fastq.gz
SRR19064439	/home/users/eunseo916/yunna02102/fastq/SRR19064439_1.fastq.gz	/home/users/eunseo916/yunna02102/fastq/SRR19064439_2.fastq.gz
SRR19064448	/home/users/eunseo916/yunna02102/fastq/SRR19064448_1.fastq.gz	/home/users/eunseo916/yunna02102/fastq/SRR19064448_2.fastq.gz
SRR19064451	/home/users/eunseo916/yunna02102/fastq/SRR19064451_1.fastq.gz	/home/users/eunseo916/yunna02102/fastq/SRR19064451_2.fastq.gz
SRR19064459	/home/users/eunseo916/yunna02102/fastq/SRR19064459_1.fastq.gz	/home/users/eunseo916/yunna02102/fastq/SRR19064459_2.fastq.gz
SRR19064461	/home/users/eunseo916/yunna02102/fastq/SRR19064461_1.fastq.gz	/home/users/eunseo916/yunna02102/fastq/SRR19064461_2.fastq.gz
SRR19064462	/home/users/eunseo916/yunna02102/fastq/SRR19064462_1.fastq.gz	/home/users/eunseo916/yunna02102/fastq/SRR19064462_2.fastq.gz
SRR19064466	/home/users/eunseo916/yunna02102/fastq/SRR19064466_1.fastq.gz	/home/users/eunseo916/yunna02102/fastq/SRR19064466_2.fastq.gz
SRR19064467	/home/users/eunseo916/yunna02102/fastq/SRR19064467_1.fastq.gz	/home/users/eunseo916/yunna02102/fastq/SRR19064467_2.fastq.gz
SRR19064470	/home/users/eunseo916/yunna02102/fastq/SRR19064470_1.fastq.gz	/home/users/eunseo916/yunna02102/fastq/SRR19064470_2.fastq.gz
SRR19064471	/home/users/eunseo916/yunna02102/fastq/SRR19064471_1.fastq.gz	/home/users/eunseo916/yunna02102/fastq/SRR19064471_2.fastq.gz
SRR19064472	/home/users/eunseo916/yunna02102/fastq/SRR19064472_1.fastq.gz	/home/users/eunseo916/yunna02102/fastq/SRR19064472_2.fastq.gz
SRR19064479	/home/users/eunseo916/yunna02102/fastq/SRR19064479_1.fastq.gz	/home/users/eunseo916/yunna02102/fastq/SRR19064479_2.fastq.gz
SRR19064480	/home/users/eunseo916/yunna02102/fastq/SRR19064480_1.fastq.gz	/home/users/eunseo916/yunna02102/fastq/SRR19064480_2.fastq.gz
SRR19064481	/home/users/eunseo916/yunna02102/fastq/SRR19064481_1.fastq.gz	/home/users/eunseo916/yunna02102/fastq/SRR19064481_2.fastq.gz
SRR19064485	/home/users/eunseo916/yunna02102/fastq/SRR19064485_1.fastq.gz	/home/users/eunseo916/yunna02102/fastq/SRR19064485_2.fastq.gz
SRR19064487	/home/users/eunseo916/yunna02102/fastq/SRR19064487_1.fastq.gz	/home/users/eunseo916/yunna02102/fastq/SRR19064487_2.fastq.gz
SRR19064488	/home/users/eunseo916/yunna02102/fastq/SRR19064488_1.fastq.gz	/home/users/eunseo916/yunna02102/fastq/SRR19064488_2.fastq.gz
SRR19064489	/home/users/eunseo916/yunna02102/fastq/SRR19064489_1.fastq.gz	/home/users/eunseo916/yunna02102/fastq/SRR19064489_2.fastq.gz
SRR19064495	/home/users/eunseo916/yunna02102/fastq/SRR19064495_1.fastq.gz	/home/users/eunseo916/yunna02102/fastq/SRR19064495_2.fastq.gz
SRR19064496	/home/users/eunseo916/yunna02102/fastq/SRR19064496_1.fastq.gz	/home/users/eunseo916/yunna02102/fastq/SRR19064496_2.fastq.gz
SRR19064502	/home/users/eunseo916/yunna02102/fastq/SRR19064502_1.fastq.gz	/home/users/eunseo916/yunna02102/fastq/SRR19064502_2.fastq.gz
SRR19064504	/home/users/eunseo916/yunna02102/fastq/SRR19064504_1.fastq.gz	/home/users/eunseo916/yunna02102/fastq/SRR19064504_2.fastq.gz
SRR19064514	/home/users/eunseo916/yunna02102/fastq/SRR19064514_1.fastq.gz	/home/users/eunseo916/yunna02102/fastq/SRR19064514_2.fastq.gz
SRR19064515	/home/users/eunseo916/yunna02102/fastq/SRR19064515_1.fastq.gz	/home/users/eunseo916/yunna02102/fastq/SRR19064515_2.fastq.gz
SRR19064516	/home/users/eunseo916/yunna02102/fastq/SRR19064516_1.fastq.gz	/home/users/eunseo916/yunna02102/fastq/SRR19064516_2.fastq.gz
SRR19064517	/home/users/eunseo916/yunna02102/fastq/SRR19064517_1.fastq.gz	/home/users/eunseo916/yunna02102/fastq/SRR19064517_2.fastq.gz
SRR19064536	/home/users/eunseo916/yunna02102/fastq/SRR19064536_1.fastq.gz	/home/users/eunseo916/yunna02102/fastq/SRR19064536_2.fastq.gz
SRR19064538	/home/users/eunseo916/yunna02102/fastq/SRR19064538_1.fastq.gz	/home/users/eunseo916/yunna02102/fastq/SRR19064538_2.fastq.gz
SRR19064540	/home/users/eunseo916/yunna02102/fastq/SRR19064540_1.fastq.gz	/home/users/eunseo916/yunna02102/fastq/SRR19064540_2.fastq.gz
SRR19064546	/home/users/eunseo916/yunna02102/fastq/SRR19064546_1.fastq.gz	/home/users/eunseo916/yunna02102/fastq/SRR19064546_2.fastq.gz
SRR19064548	/home/users/eunseo916/yunna02102/fastq/SRR19064548_1.fastq.gz	/home/users/eunseo916/yunna02102/fastq/SRR19064548_2.fastq.gz
SRR19064549	/home/users/eunseo916/yunna02102/fastq/SRR19064549_1.fastq.gz	/home/users/eunseo916/yunna02102/fastq/SRR19064549_2.fastq.gz
SRR19064550	/home/users/eunseo916/yunna02102/fastq/SRR19064550_1.fastq.gz	/home/users/eunseo916/yunna02102/fastq/SRR19064550_2.fastq.gz
SRR19064552	/home/users/eunseo916/yunna02102/fastq/SRR19064552_1.fastq.gz	/home/users/eunseo916/yunna02102/fastq/SRR19064552_2.fastq.gz
SRR19064561	/home/users/eunseo916/yunna02102/fastq/SRR19064561_1.fastq.gz	/home/users/eunseo916/yunna02102/fastq/SRR19064561_2.fastq.gz
SRR19064567	/home/users/eunseo916/yunna02102/fastq/SRR19064567_1.fastq.gz	/home/users/eunseo916/yunna02102/fastq/SRR19064567_2.fastq.gz
SRR19064568	/home/users/eunseo916/yunna02102/fastq/SRR19064568_1.fastq.gz	/home/users/eunseo916/yunna02102/fastq/SRR19064568_2.fastq.gz
SRR19064574	/home/users/eunseo916/yunna02102/fastq/SRR19064574_1.fastq.gz	/home/users/eunseo916/yunna02102/fastq/SRR19064574_2.fastq.gz
SRR19064575	/home/users/eunseo916/yunna02102/fastq/SRR19064575_1.fastq.gz	/home/users/eunseo916/yunna02102/fastq/SRR19064575_2.fastq.gz
SRR19064580	/home/users/eunseo916/yunna02102/fastq/SRR19064580_1.fastq.gz	/home/users/eunseo916/yunna02102/fastq/SRR19064580_2.fastq.gz
SRR19064581	/home/users/eunseo916/yunna02102/fastq/SRR19064581_1.fastq.gz	/home/users/eunseo916/yunna02102/fastq/SRR19064581_2.fastq.gz
SRR19064587	/home/users/eunseo916/yunna02102/fastq/SRR19064587_1.fastq.gz	/home/users/eunseo916/yunna02102/fastq/SRR19064587_2.fastq.gz
SRR19064588	/home/users/eunseo916/yunna02102/fastq/SRR19064588_1.fastq.gz	/home/users/eunseo916/yunna02102/fastq/SRR19064588_2.fastq.gz
SRR19064596	/home/users/eunseo916/yunna02102/fastq/SRR19064596_1.fastq.gz	/home/users/eunseo916/yunna02102/fastq/SRR19064596_2.fastq.gz
SRR19064600	/home/users/eunseo916/yunna02102/fastq/SRR19064600_1.fastq.gz	/home/users/eunseo916/yunna02102/fastq/SRR19064600_2.fastq.gz
SRR19064601	/home/users/eunseo916/yunna02102/fastq/SRR19064601_1.fastq.gz	/home/users/eunseo916/yunna02102/fastq/SRR19064601_2.fastq.gz
SRR19064605	/home/users/eunseo916/yunna02102/fastq/SRR19064605_1.fastq.gz	/home/users/eunseo916/yunna02102/fastq/SRR19064605_2.fastq.gz
SRR19064610	/home/users/eunseo916/yunna02102/fastq/SRR19064610_1.fastq.gz	/home/users/eunseo916/yunna02102/fastq/SRR19064610_2.fastq.gz
SRR19064617	/home/users/eunseo916/yunna02102/fastq/SRR19064617_1.fastq.gz	/home/users/eunseo916/yunna02102/fastq/SRR19064617_2.fastq.gz
SRR19064618	/home/users/eunseo916/yunna02102/fastq/SRR19064618_1.fastq.gz	/home/users/eunseo916/yunna02102/fastq/SRR19064618_2.fastq.gz
SRR19064622	/home/users/eunseo916/yunna02102/fastq/SRR19064622_1.fastq.gz	/home/users/eunseo916/yunna02102/fastq/SRR19064622_2.fastq.gz
SRR19064623	/home/users/eunseo916/yunna02102/fastq/SRR19064623_1.fastq.gz	/home/users/eunseo916/yunna02102/fastq/SRR19064623_2.fastq.gz
SRR19064625	/home/users/eunseo916/yunna02102/fastq/SRR19064625_1.fastq.gz	/home/users/eunseo916/yunna02102/fastq/SRR19064625_2.fastq.gz
SRR19064632	/home/users/eunseo916/yunna02102/fastq/SRR19064632_1.fastq.gz	/home/users/eunseo916/yunna02102/fastq/SRR19064632_2.fastq.gz
SRR19064635	/home/users/eunseo916/yunna02102/fastq/SRR19064635_1.fastq.gz	/home/users/eunseo916/yunna02102/fastq/SRR19064635_2.fastq.gz
SRR19064639	/home/users/eunseo916/yunna02102/fastq/SRR19064639_1.fastq.gz	/home/users/eunseo916/yunna02102/fastq/SRR19064639_2.fastq.gz
SRR19064641	/home/users/eunseo916/yunna02102/fastq/SRR19064641_1.fastq.gz	/home/users/eunseo916/yunna02102/fastq/SRR19064641_2.fastq.gz
SRR19064642	/home/users/eunseo916/yunna02102/fastq/SRR19064642_1.fastq.gz	/home/users/eunseo916/yunna02102/fastq/SRR19064642_2.fastq.gz
SRR19064646	/home/users/eunseo916/yunna02102/fastq/SRR19064646_1.fastq.gz	/home/users/eunseo916/yunna02102/fastq/SRR19064646_2.fastq.gz
SRR19064648	/home/users/eunseo916/yunna02102/fastq/SRR19064648_1.fastq.gz	/home/users/eunseo916/yunna02102/fastq/SRR19064648_2.fastq.gz
SRR19064652	/home/users/eunseo916/yunna02102/fastq/SRR19064652_1.fastq.gz	/home/users/eunseo916/yunna02102/fastq/SRR19064652_2.fastq.gz
SRR19064653	/home/users/eunseo916/yunna02102/fastq/SRR19064653_1.fastq.gz	/home/users/eunseo916/yunna02102/fastq/SRR19064653_2.fastq.gz
SRR19064657	/home/users/eunseo916/yunna02102/fastq/SRR19064657_1.fastq.gz	/home/users/eunseo916/yunna02102/fastq/SRR19064657_2.fastq.gz
SRR19064658	/home/users/eunseo916/yunna02102/fastq/SRR19064658_1.fastq.gz	/home/users/eunseo916/yunna02102/fastq/SRR19064658_2.fastq.gz
SRR19064666	/home/users/eunseo916/yunna02102/fastq/SRR19064666_1.fastq.gz	/home/users/eunseo916/yunna02102/fastq/SRR19064666_2.fastq.gz
SRR19064673	/home/users/eunseo916/yunna02102/fastq/SRR19064673_1.fastq.gz	/home/users/eunseo916/yunna02102/fastq/SRR19064673_2.fastq.gz
SRR19064675	/home/users/eunseo916/yunna02102/fastq/SRR19064675_1.fastq.gz	/home/users/eunseo916/yunna02102/fastq/SRR19064675_2.fastq.gz
SRR19064677	/home/users/eunseo916/yunna02102/fastq/SRR19064677_1.fastq.gz	/home/users/eunseo916/yunna02102/fastq/SRR19064677_2.fastq.gz
SRR19064678	/home/users/eunseo916/yunna02102/fastq/SRR19064678_1.fastq.gz	/home/users/eunseo916/yunna02102/fastq/SRR19064678_2.fastq.gz
SRR19064682	/home/users/eunseo916/yunna02102/fastq/SRR19064682_1.fastq.gz	/home/users/eunseo916/yunna02102/fastq/SRR19064682_2.fastq.gz
SRR19064684	/home/users/eunseo916/yunna02102/fastq/SRR19064684_1.fastq.gz	/home/users/eunseo916/yunna02102/fastq/SRR19064684_2.fastq.gz
SRR19064686	/home/users/eunseo916/yunna02102/fastq/SRR19064686_1.fastq.gz	/home/users/eunseo916/yunna02102/fastq/SRR19064686_2.fastq.gz
SRR19064687	/home/users/eunseo916/yunna02102/fastq/SRR19064687_1.fastq.gz	/home/users/eunseo916/yunna02102/fastq/SRR19064687_2.fastq.gz
SRR19064688	/home/users/eunseo916/yunna02102/fastq/SRR19064688_1.fastq.gz	/home/users/eunseo916/yunna02102/fastq/SRR19064688_2.fastq.gz
SRR19064691	/home/users/eunseo916/yunna02102/fastq/SRR19064691_1.fastq.gz	/home/users/eunseo916/yunna02102/fastq/SRR19064691_2.fastq.gz
SRR19064692	/home/users/eunseo916/yunna02102/fastq/SRR19064692_1.fastq.gz	/home/users/eunseo916/yunna02102/fastq/SRR19064692_2.fastq.gz
SRR19064693	/home/users/eunseo916/yunna02102/fastq/SRR19064693_1.fastq.gz	/home/users/eunseo916/yunna02102/fastq/SRR19064693_2.fastq.gz
SRR19064699	/home/users/eunseo916/yunna02102/fastq/SRR19064699_1.fastq.gz	/home/users/eunseo916/yunna02102/fastq/SRR19064699_2.fastq.gz
SRR19064704	/home/users/eunseo916/yunna02102/fastq/SRR19064704_1.fastq.gz	/home/users/eunseo916/yunna02102/fastq/SRR19064704_2.fastq.gz
SRR19064706	/home/users/eunseo916/yunna02102/fastq/SRR19064706_1.fastq.gz	/home/users/eunseo916/yunna02102/fastq/SRR19064706_2.fastq.gz
SRR19064709	/home/users/eunseo916/yunna02102/fastq/SRR19064709_1.fastq.gz	/home/users/eunseo916/yunna02102/fastq/SRR19064709_2.fastq.gz
SRR19064713	/home/users/eunseo916/yunna02102/fastq/SRR19064713_1.fastq.gz	/home/users/eunseo916/yunna02102/fastq/SRR19064713_2.fastq.gz
SRR19064714	/home/users/eunseo916/yunna02102/fastq/SRR19064714_1.fastq.gz	/home/users/eunseo916/yunna02102/fastq/SRR19064714_2.fastq.gz
SRR19064715	/home/users/eunseo916/yunna02102/fastq/SRR19064715_1.fastq.gz	/home/users/eunseo916/yunna02102/fastq/SRR19064715_2.fastq.gz
SRR19064717	/home/users/eunseo916/yunna02102/fastq/SRR19064717_1.fastq.gz	/home/users/eunseo916/yunna02102/fastq/SRR19064717_2.fastq.gz
SRR19064725	/home/users/eunseo916/yunna02102/fastq/SRR19064725_1.fastq.gz	/home/users/eunseo916/yunna02102/fastq/SRR19064725_2.fastq.gz
SRR19064728	/home/users/eunseo916/yunna02102/fastq/SRR19064728_1.fastq.gz	/home/users/eunseo916/yunna02102/fastq/SRR19064728_2.fastq.gz
SRR19064731	/home/users/eunseo916/yunna02102/fastq/SRR19064731_1.fastq.gz	/home/users/eunseo916/yunna02102/fastq/SRR19064731_2.fastq.gz
SRR19064736	/home/users/eunseo916/yunna02102/fastq/SRR19064736_1.fastq.gz	/home/users/eunseo916/yunna02102/fastq/SRR19064736_2.fastq.gz
SRR19064738	/home/users/eunseo916/yunna02102/fastq/SRR19064738_1.fastq.gz	/home/users/eunseo916/yunna02102/fastq/SRR19064738_2.fastq.gz
SRR19064745	/home/users/eunseo916/yunna02102/fastq/SRR19064745_1.fastq.gz	/home/users/eunseo916/yunna02102/fastq/SRR19064745_2.fastq.gz
SRR19064747	/home/users/eunseo916/yunna02102/fastq/SRR19064747_1.fastq.gz	/home/users/eunseo916/yunna02102/fastq/SRR19064747_2.fastq.gz
SRR19064750	/home/users/eunseo916/yunna02102/fastq/SRR19064750_1.fastq.gz	/home/users/eunseo916/yunna02102/fastq/SRR19064750_2.fastq.gz
SRR19064753	/home/users/eunseo916/yunna02102/fastq/SRR19064753_1.fastq.gz	/home/users/eunseo916/yunna02102/fastq/SRR19064753_2.fastq.gz
SRR19064755	/home/users/eunseo916/yunna02102/fastq/SRR19064755_1.fastq.gz	/home/users/eunseo916/yunna02102/fastq/SRR19064755_2.fastq.gz
SRR19064757	/home/users/eunseo916/yunna02102/fastq/SRR19064757_1.fastq.gz	/home/users/eunseo916/yunna02102/fastq/SRR19064757_2.fastq.gz
SRR19064758	/home/users/eunseo916/yunna02102/fastq/SRR19064758_1.fastq.gz	/home/users/eunseo916/yunna02102/fastq/SRR19064758_2.fastq.gz
SRR19064760	/home/users/eunseo916/yunna02102/fastq/SRR19064760_1.fastq.gz	/home/users/eunseo916/yunna02102/fastq/SRR19064760_2.fastq.gz
SRR19064761	/home/users/eunseo916/yunna02102/fastq/SRR19064761_1.fastq.gz	/home/users/eunseo916/yunna02102/fastq/SRR19064761_2.fastq.gz
SRR19064763	/home/users/eunseo916/yunna02102/fastq/SRR19064763_1.fastq.gz	/home/users/eunseo916/yunna02102/fastq/SRR19064763_2.fastq.gz
SRR19064764	/home/users/eunseo916/yunna02102/fastq/SRR19064764_1.fastq.gz	/home/users/eunseo916/yunna02102/fastq/SRR19064764_2.fastq.gz
SRR19064766	/home/users/eunseo916/yunna02102/fastq/SRR19064766_1.fastq.gz	/home/users/eunseo916/yunna02102/fastq/SRR19064766_2.fastq.gz
SRR19064771	/home/users/eunseo916/yunna02102/fastq/SRR19064771_1.fastq.gz	/home/users/eunseo916/yunna02102/fastq/SRR19064771_2.fastq.gz
SRR19064772	/home/users/eunseo916/yunna02102/fastq/SRR19064772_1.fastq.gz	/home/users/eunseo916/yunna02102/fastq/SRR19064772_2.fastq.gz
SRR19064776	/home/users/eunseo916/yunna02102/fastq/SRR19064776_1.fastq.gz	/home/users/eunseo916/yunna02102/fastq/SRR19064776_2.fastq.gz
SRR19064777	/home/users/eunseo916/yunna02102/fastq/SRR19064777_1.fastq.gz	/home/users/eunseo916/yunna02102/fastq/SRR19064777_2.fastq.gz
SRR19064779	/home/users/eunseo916/yunna02102/fastq/SRR19064779_1.fastq.gz	/home/users/eunseo916/yunna02102/fastq/SRR19064779_2.fastq.gz
SRR19064783	/home/users/eunseo916/yunna02102/fastq/SRR19064783_1.fastq.gz	/home/users/eunseo916/yunna02102/fastq/SRR19064783_2.fastq.gz
SRR19064785	/home/users/eunseo916/yunna02102/fastq/SRR19064785_1.fastq.gz	/home/users/eunseo916/yunna02102/fastq/SRR19064785_2.fastq.gz
SRR19064786	/home/users/eunseo916/yunna02102/fastq/SRR19064786_1.fastq.gz	/home/users/eunseo916/yunna02102/fastq/SRR19064786_2.fastq.gz
SRR19064788	/home/users/eunseo916/yunna02102/fastq/SRR19064788_1.fastq.gz	/home/users/eunseo916/yunna02102/fastq/SRR19064788_2.fastq.gz
SRR19064791	/home/users/eunseo916/yunna02102/fastq/SRR19064791_1.fastq.gz	/home/users/eunseo916/yunna02102/fastq/SRR19064791_2.fastq.gz
SRR19064792	/home/users/eunseo916/yunna02102/fastq/SRR19064792_1.fastq.gz	/home/users/eunseo916/yunna02102/fastq/SRR19064792_2.fastq.gz
SRR19064797	/home/users/eunseo916/yunna02102/fastq/SRR19064797_1.fastq.gz	/home/users/eunseo916/yunna02102/fastq/SRR19064797_2.fastq.gz
SRR19064800	/home/users/eunseo916/yunna02102/fastq/SRR19064800_1.fastq.gz	/home/users/eunseo916/yunna02102/fastq/SRR19064800_2.fastq.gz
SRR19064801	/home/users/eunseo916/yunna02102/fastq/SRR19064801_1.fastq.gz	/home/users/eunseo916/yunna02102/fastq/SRR19064801_2.fastq.gz
SRR19064802	/home/users/eunseo916/yunna02102/fastq/SRR19064802_1.fastq.gz	/home/users/eunseo916/yunna02102/fastq/SRR19064802_2.fastq.gz
SRR19064803	/home/users/eunseo916/yunna02102/fastq/SRR19064803_1.fastq.gz	/home/users/eunseo916/yunna02102/fastq/SRR19064803_2.fastq.gz
SRR19064808	/home/users/eunseo916/yunna02102/fastq/SRR19064808_1.fastq.gz	/home/users/eunseo916/yunna02102/fastq/SRR19064808_2.fastq.gz
SRR19064809	/home/users/eunseo916/yunna02102/fastq/SRR19064809_1.fastq.gz	/home/users/eunseo916/yunna02102/fastq/SRR19064809_2.fastq.gz
SRR19064811	/home/users/eunseo916/yunna02102/fastq/SRR19064811_1.fastq.gz	/home/users/eunseo916/yunna02102/fastq/SRR19064811_2.fastq.gz
SRR19064816	/home/users/eunseo916/yunna02102/fastq/SRR19064816_1.fastq.gz	/home/users/eunseo916/yunna02102/fastq/SRR19064816_2.fastq.gz
SRR19064818	/home/users/eunseo916/yunna02102/fastq/SRR19064818_1.fastq.gz	/home/users/eunseo916/yunna02102/fastq/SRR19064818_2.fastq.gz
SRR19064824	/home/users/eunseo916/yunna02102/fastq/SRR19064824_1.fastq.gz	/home/users/eunseo916/yunna02102/fastq/SRR19064824_2.fastq.gz
SRR19064826	/home/users/eunseo916/yunna02102/fastq/SRR19064826_1.fastq.gz	/home/users/eunseo916/yunna02102/fastq/SRR19064826_2.fastq.gz
SRR19064829	/home/users/eunseo916/yunna02102/fastq/SRR19064829_1.fastq.gz	/home/users/eunseo916/yunna02102/fastq/SRR19064829_2.fastq.gz
SRR19064835	/home/users/eunseo916/yunna02102/fastq/SRR19064835_1.fastq.gz	/home/users/eunseo916/yunna02102/fastq/SRR19064835_2.fastq.gz
SRR19064837	/home/users/eunseo916/yunna02102/fastq/SRR19064837_1.fastq.gz	/home/users/eunseo916/yunna02102/fastq/SRR19064837_2.fastq.gz
SRR19064839	/home/users/eunseo916/yunna02102/fastq/SRR19064839_1.fastq.gz	/home/users/eunseo916/yunna02102/fastq/SRR19064839_2.fastq.gz
SRR19064842	/home/users/eunseo916/yunna02102/fastq/SRR19064842_1.fastq.gz	/home/users/eunseo916/yunna02102/fastq/SRR19064842_2.fastq.gz
SRR19064844	/home/users/eunseo916/yunna02102/fastq/SRR19064844_1.fastq.gz	/home/users/eunseo916/yunna02102/fastq/SRR19064844_2.fastq.gz
SRR19064847	/home/users/eunseo916/yunna02102/fastq/SRR19064847_1.fastq.gz	/home/users/eunseo916/yunna02102/fastq/SRR19064847_2.fastq.gz
SRR19064848	/home/users/eunseo916/yunna02102/fastq/SRR19064848_1.fastq.gz	/home/users/eunseo916/yunna02102/fastq/SRR19064848_2.fastq.gz
SRR19064850	/home/users/eunseo916/yunna02102/fastq/SRR19064850_1.fastq.gz	/home/users/eunseo916/yunna02102/fastq/SRR19064850_2.fastq.gz
SRR19064852	/home/users/eunseo916/yunna02102/fastq/SRR19064852_1.fastq.gz	/home/users/eunseo916/yunna02102/fastq/SRR19064852_2.fastq.gz
SRR19064855	/home/users/eunseo916/yunna02102/fastq/SRR19064855_1.fastq.gz	/home/users/eunseo916/yunna02102/fastq/SRR19064855_2.fastq.gz
SRR19064859	/home/users/eunseo916/yunna02102/fastq/SRR19064859_1.fastq.gz	/home/users/eunseo916/yunna02102/fastq/SRR19064859_2.fastq.gz
SRR19064861	/home/users/eunseo916/yunna02102/fastq/SRR19064861_1.fastq.gz	/home/users/eunseo916/yunna02102/fastq/SRR19064861_2.fastq.gz
SRR19064870	/home/users/eunseo916/yunna02102/fastq/SRR19064870_1.fastq.gz	/home/users/eunseo916/yunna02102/fastq/SRR19064870_2.fastq.gz
SRR19064872	/home/users/eunseo916/yunna02102/fastq/SRR19064872_1.fastq.gz	/home/users/eunseo916/yunna02102/fastq/SRR19064872_2.fastq.gz
SRR19064873	/home/users/eunseo916/yunna02102/fastq/SRR19064873_1.fastq.gz	/home/users/eunseo916/yunna02102/fastq/SRR19064873_2.fastq.gz
SRR19064874	/home/users/eunseo916/yunna02102/fastq/SRR19064874_1.fastq.gz	/home/users/eunseo916/yunna02102/fastq/SRR19064874_2.fastq.gz
SRR19064875	/home/users/eunseo916/yunna02102/fastq/SRR19064875_1.fastq.gz	/home/users/eunseo916/yunna02102/fastq/SRR19064875_2.fastq.gz
SRR19064876	/home/users/eunseo916/yunna02102/fastq/SRR19064876_1.fastq.gz	/home/users/eunseo916/yunna02102/fastq/SRR19064876_2.fastq.gz
SRR19064880	/home/users/eunseo916/yunna02102/fastq/SRR19064880_1.fastq.gz	/home/users/eunseo916/yunna02102/fastq/SRR19064880_2.fastq.gz
SRR19064882	/home/users/eunseo916/yunna02102/fastq/SRR19064882_1.fastq.gz	/home/users/eunseo916/yunna02102/fastq/SRR19064882_2.fastq.gz
SRR19064883	/home/users/eunseo916/yunna02102/fastq/SRR19064883_1.fastq.gz	/home/users/eunseo916/yunna02102/fastq/SRR19064883_2.fastq.gz
SRR19064889	/home/users/eunseo916/yunna02102/fastq/SRR19064889_1.fastq.gz	/home/users/eunseo916/yunna02102/fastq/SRR19064889_2.fastq.gz
SRR19064902	/home/users/eunseo916/yunna02102/fastq/SRR19064902_1.fastq.gz	/home/users/eunseo916/yunna02102/fastq/SRR19064902_2.fastq.gz
SRR19064905	/home/users/eunseo916/yunna02102/fastq/SRR19064905_1.fastq.gz	/home/users/eunseo916/yunna02102/fastq/SRR19064905_2.fastq.gz
SRR19064906	/home/users/eunseo916/yunna02102/fastq/SRR19064906_1.fastq.gz	/home/users/eunseo916/yunna02102/fastq/SRR19064906_2.fastq.gz
SRR19064907	/home/users/eunseo916/yunna02102/fastq/SRR19064907_1.fastq.gz	/home/users/eunseo916/yunna02102/fastq/SRR19064907_2.fastq.gz
SRR19064910	/home/users/eunseo916/yunna02102/fastq/SRR19064910_1.fastq.gz	/home/users/eunseo916/yunna02102/fastq/SRR19064910_2.fastq.gz
SRR19064911	/home/users/eunseo916/yunna02102/fastq/SRR19064911_1.fastq.gz	/home/users/eunseo916/yunna02102/fastq/SRR19064911_2.fastq.gz
SRR19064914	/home/users/eunseo916/yunna02102/fastq/SRR19064914_1.fastq.gz	/home/users/eunseo916/yunna02102/fastq/SRR19064914_2.fastq.gz
SRR19064915	/home/users/eunseo916/yunna02102/fastq/SRR19064915_1.fastq.gz	/home/users/eunseo916/yunna02102/fastq/SRR19064915_2.fastq.gz
SRR19064918	/home/users/eunseo916/yunna02102/fastq/SRR19064918_1.fastq.gz	/home/users/eunseo916/yunna02102/fastq/SRR19064918_2.fastq.gz
SRR19064919	/home/users/eunseo916/yunna02102/fastq/SRR19064919_1.fastq.gz	/home/users/eunseo916/yunna02102/fastq/SRR19064919_2.fastq.gz
SRR19064920	/home/users/eunseo916/yunna02102/fastq/SRR19064920_1.fastq.gz	/home/users/eunseo916/yunna02102/fastq/SRR19064920_2.fastq.gz
SRR19064923	/home/users/eunseo916/yunna02102/fastq/SRR19064923_1.fastq.gz	/home/users/eunseo916/yunna02102/fastq/SRR19064923_2.fastq.gz
SRR19064925	/home/users/eunseo916/yunna02102/fastq/SRR19064925_1.fastq.gz	/home/users/eunseo916/yunna02102/fastq/SRR19064925_2.fastq.gz
SRR19064927	/home/users/eunseo916/yunna02102/fastq/SRR19064927_1.fastq.gz	/home/users/eunseo916/yunna02102/fastq/SRR19064927_2.fastq.gz
SRR19064928	/home/users/eunseo916/yunna02102/fastq/SRR19064928_1.fastq.gz	/home/users/eunseo916/yunna02102/fastq/SRR19064928_2.fastq.gz
SRR19064931	/home/users/eunseo916/yunna02102/fastq/SRR19064931_1.fastq.gz	/home/users/eunseo916/yunna02102/fastq/SRR19064931_2.fastq.gz
SRR19064932	/home/users/eunseo916/yunna02102/fastq/SRR19064932_1.fastq.gz	/home/users/eunseo916/yunna02102/fastq/SRR19064932_2.fastq.gz
SRR19064936	/home/users/eunseo916/yunna02102/fastq/SRR19064936_1.fastq.gz	/home/users/eunseo916/yunna02102/fastq/SRR19064936_2.fastq.gz
SRR19064937	/home/users/eunseo916/yunna02102/fastq/SRR19064937_1.fastq.gz	/home/users/eunseo916/yunna02102/fastq/SRR19064937_2.fastq.gz
SRR19064938	/home/users/eunseo916/yunna02102/fastq/SRR19064938_1.fastq.gz	/home/users/eunseo916/yunna02102/fastq/SRR19064938_2.fastq.gz
SRR19064946	/home/users/eunseo916/yunna02102/fastq/SRR19064946_1.fastq.gz	/home/users/eunseo916/yunna02102/fastq/SRR19064946_2.fastq.gz
SRR19064951	/home/users/eunseo916/yunna02102/fastq/SRR19064951_1.fastq.gz	/home/users/eunseo916/yunna02102/fastq/SRR19064951_2.fastq.gz
SRR19064956	/home/users/eunseo916/yunna02102/fastq/SRR19064956_1.fastq.gz	/home/users/eunseo916/yunna02102/fastq/SRR19064956_2.fastq.gz
SRR19064963	/home/users/eunseo916/yunna02102/fastq/SRR19064963_1.fastq.gz	/home/users/eunseo916/yunna02102/fastq/SRR19064963_2.fastq.gz
SRR19064964	/home/users/eunseo916/yunna02102/fastq/SRR19064964_1.fastq.gz	/home/users/eunseo916/yunna02102/fastq/SRR19064964_2.fastq.gz
SRR19064965	/home/users/eunseo916/yunna02102/fastq/SRR19064965_1.fastq.gz	/home/users/eunseo916/yunna02102/fastq/SRR19064965_2.fastq.gz
SRR19064971	/home/users/eunseo916/yunna02102/fastq/SRR19064971_1.fastq.gz	/home/users/eunseo916/yunna02102/fastq/SRR19064971_2.fastq.gz
SRR19064972	/home/users/eunseo916/yunna02102/fastq/SRR19064972_1.fastq.gz	/home/users/eunseo916/yunna02102/fastq/SRR19064972_2.fastq.gz
SRR19064978	/home/users/eunseo916/yunna02102/fastq/SRR19064978_1.fastq.gz	/home/users/eunseo916/yunna02102/fastq/SRR19064978_2.fastq.gz
SRR19064980	/home/users/eunseo916/yunna02102/fastq/SRR19064980_1.fastq.gz	/home/users/eunseo916/yunna02102/fastq/SRR19064980_2.fastq.gz
SRR19064981	/home/users/eunseo916/yunna02102/fastq/SRR19064981_1.fastq.gz	/home/users/eunseo916/yunna02102/fastq/SRR19064981_2.fastq.gz
SRR19064982	/home/users/eunseo916/yunna02102/fastq/SRR19064982_1.fastq.gz	/home/users/eunseo916/yunna02102/fastq/SRR19064982_2.fastq.gz
SRR19064986	/home/users/eunseo916/yunna02102/fastq/SRR19064986_1.fastq.gz	/home/users/eunseo916/yunna02102/fastq/SRR19064986_2.fastq.gz
SRR19064988	/home/users/eunseo916/yunna02102/fastq/SRR19064988_1.fastq.gz	/home/users/eunseo916/yunna02102/fastq/SRR19064988_2.fastq.gz
SRR19064989	/home/users/eunseo916/yunna02102/fastq/SRR19064989_1.fastq.gz	/home/users/eunseo916/yunna02102/fastq/SRR19064989_2.fastq.gz
SRR19064991	/home/users/eunseo916/yunna02102/fastq/SRR19064991_1.fastq.gz	/home/users/eunseo916/yunna02102/fastq/SRR19064991_2.fastq.gz
SRR19064992	/home/users/eunseo916/yunna02102/fastq/SRR19064992_1.fastq.gz	/home/users/eunseo916/yunna02102/fastq/SRR19064992_2.fastq.gz
SRR19064993	/home/users/eunseo916/yunna02102/fastq/SRR19064993_1.fastq.gz	/home/users/eunseo916/yunna02102/fastq/SRR19064993_2.fastq.gz
SRR19065001	/home/users/eunseo916/yunna02102/fastq/SRR19065001_1.fastq.gz	/home/users/eunseo916/yunna02102/fastq/SRR19065001_2.fastq.gz
SRR19065003	/home/users/eunseo916/yunna02102/fastq/SRR19065003_1.fastq.gz	/home/users/eunseo916/yunna02102/fastq/SRR19065003_2.fastq.gz
SRR19065011	/home/users/eunseo916/yunna02102/fastq/SRR19065011_1.fastq.gz	/home/users/eunseo916/yunna02102/fastq/SRR19065011_2.fastq.gz
SRR19065012	/home/users/eunseo916/yunna02102/fastq/SRR19065012_1.fastq.gz	/home/users/eunseo916/yunna02102/fastq/SRR19065012_2.fastq.gz
SRR19065013	/home/users/eunseo916/yunna02102/fastq/SRR19065013_1.fastq.gz	/home/users/eunseo916/yunna02102/fastq/SRR19065013_2.fastq.gz
SRR19065017	/home/users/eunseo916/yunna02102/fastq/SRR19065017_1.fastq.gz	/home/users/eunseo916/yunna02102/fastq/SRR19065017_2.fastq.gz
SRR19065032	/home/users/eunseo916/yunna02102/fastq/SRR19065032_1.fastq.gz	/home/users/eunseo916/yunna02102/fastq/SRR19065032_2.fastq.gz
SRR19065033	/home/users/eunseo916/yunna02102/fastq/SRR19065033_1.fastq.gz	/home/users/eunseo916/yunna02102/fastq/SRR19065033_2.fastq.gz
SRR19065034	/home/users/eunseo916/yunna02102/fastq/SRR19065034_1.fastq.gz	/home/users/eunseo916/yunna02102/fastq/SRR19065034_2.fastq.gz
SRR19065037	/home/users/eunseo916/yunna02102/fastq/SRR19065037_1.fastq.gz	/home/users/eunseo916/yunna02102/fastq/SRR19065037_2.fastq.gz
SRR19064318	/home/users/eunseo916/yunna02102/fastq/SRR19064318_1.fastq.gz	/home/users/eunseo916/yunna02102/fastq/SRR19064318_2.fastq.gz
SRR19064321	/home/users/eunseo916/yunna02102/fastq/SRR19064321_1.fastq.gz	/home/users/eunseo916/yunna02102/fastq/SRR19064321_2.fastq.gz
SRR19064323	/home/users/eunseo916/yunna02102/fastq/SRR19064323_1.fastq.gz	/home/users/eunseo916/yunna02102/fastq/SRR19064323_2.fastq.gz
SRR19064327	/home/users/eunseo916/yunna02102/fastq/SRR19064327_1.fastq.gz	/home/users/eunseo916/yunna02102/fastq/SRR19064327_2.fastq.gz
SRR19064336	/home/users/eunseo916/yunna02102/fastq/SRR19064336_1.fastq.gz	/home/users/eunseo916/yunna02102/fastq/SRR19064336_2.fastq.gz
SRR19064337	/home/users/eunseo916/yunna02102/fastq/SRR19064337_1.fastq.gz	/home/users/eunseo916/yunna02102/fastq/SRR19064337_2.fastq.gz
SRR19064343	/home/users/eunseo916/yunna02102/fastq/SRR19064343_1.fastq.gz	/home/users/eunseo916/yunna02102/fastq/SRR19064343_2.fastq.gz
SRR19064345	/home/users/eunseo916/yunna02102/fastq/SRR19064345_1.fastq.gz	/home/users/eunseo916/yunna02102/fastq/SRR19064345_2.fastq.gz
SRR19064350	/home/users/eunseo916/yunna02102/fastq/SRR19064350_1.fastq.gz	/home/users/eunseo916/yunna02102/fastq/SRR19064350_2.fastq.gz
SRR19064352	/home/users/eunseo916/yunna02102/fastq/SRR19064352_1.fastq.gz	/home/users/eunseo916/yunna02102/fastq/SRR19064352_2.fastq.gz
SRR19064354	/home/users/eunseo916/yunna02102/fastq/SRR19064354_1.fastq.gz	/home/users/eunseo916/yunna02102/fastq/SRR19064354_2.fastq.gz
SRR19064364	/home/users/eunseo916/yunna02102/fastq/SRR19064364_1.fastq.gz	/home/users/eunseo916/yunna02102/fastq/SRR19064364_2.fastq.gz
SRR19064365	/home/users/eunseo916/yunna02102/fastq/SRR19064365_1.fastq.gz	/home/users/eunseo916/yunna02102/fastq/SRR19064365_2.fastq.gz
SRR19064370	/home/users/eunseo916/yunna02102/fastq/SRR19064370_1.fastq.gz	/home/users/eunseo916/yunna02102/fastq/SRR19064370_2.fastq.gz
SRR19064372	/home/users/eunseo916/yunna02102/fastq/SRR19064372_1.fastq.gz	/home/users/eunseo916/yunna02102/fastq/SRR19064372_2.fastq.gz
SRR19064373	/home/users/eunseo916/yunna02102/fastq/SRR19064373_1.fastq.gz	/home/users/eunseo916/yunna02102/fastq/SRR19064373_2.fastq.gz
SRR19064374	/home/users/eunseo916/yunna02102/fastq/SRR19064374_1.fastq.gz	/home/users/eunseo916/yunna02102/fastq/SRR19064374_2.fastq.gz
SRR19064375	/home/users/eunseo916/yunna02102/fastq/SRR19064375_1.fastq.gz	/home/users/eunseo916/yunna02102/fastq/SRR19064375_2.fastq.gz
SRR19064377	/home/users/eunseo916/yunna02102/fastq/SRR19064377_1.fastq.gz	/home/users/eunseo916/yunna02102/fastq/SRR19064377_2.fastq.gz
SRR19064379	/home/users/eunseo916/yunna02102/fastq/SRR19064379_1.fastq.gz	/home/users/eunseo916/yunna02102/fastq/SRR19064379_2.fastq.gz
SRR19064383	/home/users/eunseo916/yunna02102/fastq/SRR19064383_1.fastq.gz	/home/users/eunseo916/yunna02102/fastq/SRR19064383_2.fastq.gz
SRR19064395	/home/users/eunseo916/yunna02102/fastq/SRR19064395_1.fastq.gz	/home/users/eunseo916/yunna02102/fastq/SRR19064395_2.fastq.gz
SRR19064401	/home/users/eunseo916/yunna02102/fastq/SRR19064401_1.fastq.gz	/home/users/eunseo916/yunna02102/fastq/SRR19064401_2.fastq.gz
SRR19064402	/home/users/eunseo916/yunna02102/fastq/SRR19064402_1.fastq.gz	/home/users/eunseo916/yunna02102/fastq/SRR19064402_2.fastq.gz
SRR19064403	/home/users/eunseo916/yunna02102/fastq/SRR19064403_1.fastq.gz	/home/users/eunseo916/yunna02102/fastq/SRR19064403_2.fastq.gz
SRR19064416	/home/users/eunseo916/yunna02102/fastq/SRR19064416_1.fastq.gz	/home/users/eunseo916/yunna02102/fastq/SRR19064416_2.fastq.gz
SRR19064418	/home/users/eunseo916/yunna02102/fastq/SRR19064418_1.fastq.gz	/home/users/eunseo916/yunna02102/fastq/SRR19064418_2.fastq.gz
SRR19064419	/home/users/eunseo916/yunna02102/fastq/SRR19064419_1.fastq.gz	/home/users/eunseo916/yunna02102/fastq/SRR19064419_2.fastq.gz
SRR19064422	/home/users/eunseo916/yunna02102/fastq/SRR19064422_1.fastq.gz	/home/users/eunseo916/yunna02102/fastq/SRR19064422_2.fastq.gz
SRR19064428	/home/users/eunseo916/yunna02102/fastq/SRR19064428_1.fastq.gz	/home/users/eunseo916/yunna02102/fastq/SRR19064428_2.fastq.gz
SRR19064429	/home/users/eunseo916/yunna02102/fastq/SRR19064429_1.fastq.gz	/home/users/eunseo916/yunna02102/fastq/SRR19064429_2.fastq.gz
SRR19064433	/home/users/eunseo916/yunna02102/fastq/SRR19064433_1.fastq.gz	/home/users/eunseo916/yunna02102/fastq/SRR19064433_2.fastq.gz
SRR19064434	/home/users/eunseo916/yunna02102/fastq/SRR19064434_1.fastq.gz	/home/users/eunseo916/yunna02102/fastq/SRR19064434_2.fastq.gz
SRR19064436	/home/users/eunseo916/yunna02102/fastq/SRR19064436_1.fastq.gz	/home/users/eunseo916/yunna02102/fastq/SRR19064436_2.fastq.gz
SRR19064437	/home/users/eunseo916/yunna02102/fastq/SRR19064437_1.fastq.gz	/home/users/eunseo916/yunna02102/fastq/SRR19064437_2.fastq.gz
SRR19064438	/home/users/eunseo916/yunna02102/fastq/SRR19064438_1.fastq.gz	/home/users/eunseo916/yunna02102/fastq/SRR19064438_2.fastq.gz
SRR19064440	/home/users/eunseo916/yunna02102/fastq/SRR19064440_1.fastq.gz	/home/users/eunseo916/yunna02102/fastq/SRR19064440_2.fastq.gz
SRR19064443	/home/users/eunseo916/yunna02102/fastq/SRR19064443_1.fastq.gz	/home/users/eunseo916/yunna02102/fastq/SRR19064443_2.fastq.gz
SRR19064444	/home/users/eunseo916/yunna02102/fastq/SRR19064444_1.fastq.gz	/home/users/eunseo916/yunna02102/fastq/SRR19064444_2.fastq.gz
SRR19064445	/home/users/eunseo916/yunna02102/fastq/SRR19064445_1.fastq.gz	/home/users/eunseo916/yunna02102/fastq/SRR19064445_2.fastq.gz
SRR19064446	/home/users/eunseo916/yunna02102/fastq/SRR19064446_1.fastq.gz	/home/users/eunseo916/yunna02102/fastq/SRR19064446_2.fastq.gz
SRR19064447	/home/users/eunseo916/yunna02102/fastq/SRR19064447_1.fastq.gz	/home/users/eunseo916/yunna02102/fastq/SRR19064447_2.fastq.gz
SRR19064450	/home/users/eunseo916/yunna02102/fastq/SRR19064450_1.fastq.gz	/home/users/eunseo916/yunna02102/fastq/SRR19064450_2.fastq.gz
SRR19064454	/home/users/eunseo916/yunna02102/fastq/SRR19064454_1.fastq.gz	/home/users/eunseo916/yunna02102/fastq/SRR19064454_2.fastq.gz
SRR19064456	/home/users/eunseo916/yunna02102/fastq/SRR19064456_1.fastq.gz	/home/users/eunseo916/yunna02102/fastq/SRR19064456_2.fastq.gz
SRR19064458	/home/users/eunseo916/yunna02102/fastq/SRR19064458_1.fastq.gz	/home/users/eunseo916/yunna02102/fastq/SRR19064458_2.fastq.gz
SRR19064463	/home/users/eunseo916/yunna02102/fastq/SRR19064463_1.fastq.gz	/home/users/eunseo916/yunna02102/fastq/SRR19064463_2.fastq.gz
SRR19064468	/home/users/eunseo916/yunna02102/fastq/SRR19064468_1.fastq.gz	/home/users/eunseo916/yunna02102/fastq/SRR19064468_2.fastq.gz
SRR19064469	/home/users/eunseo916/yunna02102/fastq/SRR19064469_1.fastq.gz	/home/users/eunseo916/yunna02102/fastq/SRR19064469_2.fastq.gz
SRR19064474	/home/users/eunseo916/yunna02102/fastq/SRR19064474_1.fastq.gz	/home/users/eunseo916/yunna02102/fastq/SRR19064474_2.fastq.gz
SRR19064476	/home/users/eunseo916/yunna02102/fastq/SRR19064476_1.fastq.gz	/home/users/eunseo916/yunna02102/fastq/SRR19064476_2.fastq.gz
SRR19064482	/home/users/eunseo916/yunna02102/fastq/SRR19064482_1.fastq.gz	/home/users/eunseo916/yunna02102/fastq/SRR19064482_2.fastq.gz
SRR19064486	/home/users/eunseo916/yunna02102/fastq/SRR19064486_1.fastq.gz	/home/users/eunseo916/yunna02102/fastq/SRR19064486_2.fastq.gz
SRR19064490	/home/users/eunseo916/yunna02102/fastq/SRR19064490_1.fastq.gz	/home/users/eunseo916/yunna02102/fastq/SRR19064490_2.fastq.gz
SRR19064491	/home/users/eunseo916/yunna02102/fastq/SRR19064491_1.fastq.gz	/home/users/eunseo916/yunna02102/fastq/SRR19064491_2.fastq.gz
SRR19064493	/home/users/eunseo916/yunna02102/fastq/SRR19064493_1.fastq.gz	/home/users/eunseo916/yunna02102/fastq/SRR19064493_2.fastq.gz
SRR19064501	/home/users/eunseo916/yunna02102/fastq/SRR19064501_1.fastq.gz	/home/users/eunseo916/yunna02102/fastq/SRR19064501_2.fastq.gz
SRR19064505	/home/users/eunseo916/yunna02102/fastq/SRR19064505_1.fastq.gz	/home/users/eunseo916/yunna02102/fastq/SRR19064505_2.fastq.gz
SRR19064507	/home/users/eunseo916/yunna02102/fastq/SRR19064507_1.fastq.gz	/home/users/eunseo916/yunna02102/fastq/SRR19064507_2.fastq.gz
SRR19064508	/home/users/eunseo916/yunna02102/fastq/SRR19064508_1.fastq.gz	/home/users/eunseo916/yunna02102/fastq/SRR19064508_2.fastq.gz
SRR19064518	/home/users/eunseo916/yunna02102/fastq/SRR19064518_1.fastq.gz	/home/users/eunseo916/yunna02102/fastq/SRR19064518_2.fastq.gz
SRR19064519	/home/users/eunseo916/yunna02102/fastq/SRR19064519_1.fastq.gz	/home/users/eunseo916/yunna02102/fastq/SRR19064519_2.fastq.gz
SRR19064521	/home/users/eunseo916/yunna02102/fastq/SRR19064521_1.fastq.gz	/home/users/eunseo916/yunna02102/fastq/SRR19064521_2.fastq.gz
SRR19064523	/home/users/eunseo916/yunna02102/fastq/SRR19064523_1.fastq.gz	/home/users/eunseo916/yunna02102/fastq/SRR19064523_2.fastq.gz
SRR19064528	/home/users/eunseo916/yunna02102/fastq/SRR19064528_1.fastq.gz	/home/users/eunseo916/yunna02102/fastq/SRR19064528_2.fastq.gz
SRR19064530	/home/users/eunseo916/yunna02102/fastq/SRR19064530_1.fastq.gz	/home/users/eunseo916/yunna02102/fastq/SRR19064530_2.fastq.gz
SRR19064531	/home/users/eunseo916/yunna02102/fastq/SRR19064531_1.fastq.gz	/home/users/eunseo916/yunna02102/fastq/SRR19064531_2.fastq.gz
SRR19064534	/home/users/eunseo916/yunna02102/fastq/SRR19064534_1.fastq.gz	/home/users/eunseo916/yunna02102/fastq/SRR19064534_2.fastq.gz
SRR19064541	/home/users/eunseo916/yunna02102/fastq/SRR19064541_1.fastq.gz	/home/users/eunseo916/yunna02102/fastq/SRR19064541_2.fastq.gz
SRR19064542	/home/users/eunseo916/yunna02102/fastq/SRR19064542_1.fastq.gz	/home/users/eunseo916/yunna02102/fastq/SRR19064542_2.fastq.gz
SRR19064543	/home/users/eunseo916/yunna02102/fastq/SRR19064543_1.fastq.gz	/home/users/eunseo916/yunna02102/fastq/SRR19064543_2.fastq.gz
SRR19064544	/home/users/eunseo916/yunna02102/fastq/SRR19064544_1.fastq.gz	/home/users/eunseo916/yunna02102/fastq/SRR19064544_2.fastq.gz
SRR19064545	/home/users/eunseo916/yunna02102/fastq/SRR19064545_1.fastq.gz	/home/users/eunseo916/yunna02102/fastq/SRR19064545_2.fastq.gz
SRR19064547	/home/users/eunseo916/yunna02102/fastq/SRR19064547_1.fastq.gz	/home/users/eunseo916/yunna02102/fastq/SRR19064547_2.fastq.gz
SRR19064556	/home/users/eunseo916/yunna02102/fastq/SRR19064556_1.fastq.gz	/home/users/eunseo916/yunna02102/fastq/SRR19064556_2.fastq.gz
SRR19064560	/home/users/eunseo916/yunna02102/fastq/SRR19064560_1.fastq.gz	/home/users/eunseo916/yunna02102/fastq/SRR19064560_2.fastq.gz
SRR19064563	/home/users/eunseo916/yunna02102/fastq/SRR19064563_1.fastq.gz	/home/users/eunseo916/yunna02102/fastq/SRR19064563_2.fastq.gz
SRR19064565	/home/users/eunseo916/yunna02102/fastq/SRR19064565_1.fastq.gz	/home/users/eunseo916/yunna02102/fastq/SRR19064565_2.fastq.gz
SRR19064570	/home/users/eunseo916/yunna02102/fastq/SRR19064570_1.fastq.gz	/home/users/eunseo916/yunna02102/fastq/SRR19064570_2.fastq.gz
SRR19064576	/home/users/eunseo916/yunna02102/fastq/SRR19064576_1.fastq.gz	/home/users/eunseo916/yunna02102/fastq/SRR19064576_2.fastq.gz
SRR19064579	/home/users/eunseo916/yunna02102/fastq/SRR19064579_1.fastq.gz	/home/users/eunseo916/yunna02102/fastq/SRR19064579_2.fastq.gz
SRR19064583	/home/users/eunseo916/yunna02102/fastq/SRR19064583_1.fastq.gz	/home/users/eunseo916/yunna02102/fastq/SRR19064583_2.fastq.gz
SRR19064584	/home/users/eunseo916/yunna02102/fastq/SRR19064584_1.fastq.gz	/home/users/eunseo916/yunna02102/fastq/SRR19064584_2.fastq.gz
SRR19064586	/home/users/eunseo916/yunna02102/fastq/SRR19064586_1.fastq.gz	/home/users/eunseo916/yunna02102/fastq/SRR19064586_2.fastq.gz
SRR19064589	/home/users/eunseo916/yunna02102/fastq/SRR19064589_1.fastq.gz	/home/users/eunseo916/yunna02102/fastq/SRR19064589_2.fastq.gz
SRR19064590	/home/users/eunseo916/yunna02102/fastq/SRR19064590_1.fastq.gz	/home/users/eunseo916/yunna02102/fastq/SRR19064590_2.fastq.gz
SRR19064591	/home/users/eunseo916/yunna02102/fastq/SRR19064591_1.fastq.gz	/home/users/eunseo916/yunna02102/fastq/SRR19064591_2.fastq.gz
SRR19064593	/home/users/eunseo916/yunna02102/fastq/SRR19064593_1.fastq.gz	/home/users/eunseo916/yunna02102/fastq/SRR19064593_2.fastq.gz
SRR19064594	/home/users/eunseo916/yunna02102/fastq/SRR19064594_1.fastq.gz	/home/users/eunseo916/yunna02102/fastq/SRR19064594_2.fastq.gz
SRR19064595	/home/users/eunseo916/yunna02102/fastq/SRR19064595_1.fastq.gz	/home/users/eunseo916/yunna02102/fastq/SRR19064595_2.fastq.gz
SRR19064597	/home/users/eunseo916/yunna02102/fastq/SRR19064597_1.fastq.gz	/home/users/eunseo916/yunna02102/fastq/SRR19064597_2.fastq.gz
SRR19064599	/home/users/eunseo916/yunna02102/fastq/SRR19064599_1.fastq.gz	/home/users/eunseo916/yunna02102/fastq/SRR19064599_2.fastq.gz
SRR19064604	/home/users/eunseo916/yunna02102/fastq/SRR19064604_1.fastq.gz	/home/users/eunseo916/yunna02102/fastq/SRR19064604_2.fastq.gz
SRR19064606	/home/users/eunseo916/yunna02102/fastq/SRR19064606_1.fastq.gz	/home/users/eunseo916/yunna02102/fastq/SRR19064606_2.fastq.gz
SRR19064607	/home/users/eunseo916/yunna02102/fastq/SRR19064607_1.fastq.gz	/home/users/eunseo916/yunna02102/fastq/SRR19064607_2.fastq.gz
SRR19064611	/home/users/eunseo916/yunna02102/fastq/SRR19064611_1.fastq.gz	/home/users/eunseo916/yunna02102/fastq/SRR19064611_2.fastq.gz
SRR19064616	/home/users/eunseo916/yunna02102/fastq/SRR19064616_1.fastq.gz	/home/users/eunseo916/yunna02102/fastq/SRR19064616_2.fastq.gz
SRR19064624	/home/users/eunseo916/yunna02102/fastq/SRR19064624_1.fastq.gz	/home/users/eunseo916/yunna02102/fastq/SRR19064624_2.fastq.gz
SRR19064626	/home/users/eunseo916/yunna02102/fastq/SRR19064626_1.fastq.gz	/home/users/eunseo916/yunna02102/fastq/SRR19064626_2.fastq.gz
SRR19064627	/home/users/eunseo916/yunna02102/fastq/SRR19064627_1.fastq.gz	/home/users/eunseo916/yunna02102/fastq/SRR19064627_2.fastq.gz
SRR19064628	/home/users/eunseo916/yunna02102/fastq/SRR19064628_1.fastq.gz	/home/users/eunseo916/yunna02102/fastq/SRR19064628_2.fastq.gz
SRR19064631	/home/users/eunseo916/yunna02102/fastq/SRR19064631_1.fastq.gz	/home/users/eunseo916/yunna02102/fastq/SRR19064631_2.fastq.gz
SRR19064633	/home/users/eunseo916/yunna02102/fastq/SRR19064633_1.fastq.gz	/home/users/eunseo916/yunna02102/fastq/SRR19064633_2.fastq.gz
SRR19064634	/home/users/eunseo916/yunna02102/fastq/SRR19064634_1.fastq.gz	/home/users/eunseo916/yunna02102/fastq/SRR19064634_2.fastq.gz
SRR19064636	/home/users/eunseo916/yunna02102/fastq/SRR19064636_1.fastq.gz	/home/users/eunseo916/yunna02102/fastq/SRR19064636_2.fastq.gz
SRR19064638	/home/users/eunseo916/yunna02102/fastq/SRR19064638_1.fastq.gz	/home/users/eunseo916/yunna02102/fastq/SRR19064638_2.fastq.gz
SRR19064643	/home/users/eunseo916/yunna02102/fastq/SRR19064643_1.fastq.gz	/home/users/eunseo916/yunna02102/fastq/SRR19064643_2.fastq.gz
SRR19064645	/home/users/eunseo916/yunna02102/fastq/SRR19064645_1.fastq.gz	/home/users/eunseo916/yunna02102/fastq/SRR19064645_2.fastq.gz
SRR19064647	/home/users/eunseo916/yunna02102/fastq/SRR19064647_1.fastq.gz	/home/users/eunseo916/yunna02102/fastq/SRR19064647_2.fastq.gz
SRR19064650	/home/users/eunseo916/yunna02102/fastq/SRR19064650_1.fastq.gz	/home/users/eunseo916/yunna02102/fastq/SRR19064650_2.fastq.gz
SRR19064651	/home/users/eunseo916/yunna02102/fastq/SRR19064651_1.fastq.gz	/home/users/eunseo916/yunna02102/fastq/SRR19064651_2.fastq.gz
SRR19064655	/home/users/eunseo916/yunna02102/fastq/SRR19064655_1.fastq.gz	/home/users/eunseo916/yunna02102/fastq/SRR19064655_2.fastq.gz
SRR19064656	/home/users/eunseo916/yunna02102/fastq/SRR19064656_1.fastq.gz	/home/users/eunseo916/yunna02102/fastq/SRR19064656_2.fastq.gz
SRR19064659	/home/users/eunseo916/yunna02102/fastq/SRR19064659_1.fastq.gz	/home/users/eunseo916/yunna02102/fastq/SRR19064659_2.fastq.gz
SRR19064661	/home/users/eunseo916/yunna02102/fastq/SRR19064661_1.fastq.gz	/home/users/eunseo916/yunna02102/fastq/SRR19064661_2.fastq.gz
SRR19064663	/home/users/eunseo916/yunna02102/fastq/SRR19064663_1.fastq.gz	/home/users/eunseo916/yunna02102/fastq/SRR19064663_2.fastq.gz
SRR19064665	/home/users/eunseo916/yunna02102/fastq/SRR19064665_1.fastq.gz	/home/users/eunseo916/yunna02102/fastq/SRR19064665_2.fastq.gz
SRR19064669	/home/users/eunseo916/yunna02102/fastq/SRR19064669_1.fastq.gz	/home/users/eunseo916/yunna02102/fastq/SRR19064669_2.fastq.gz
SRR19064670	/home/users/eunseo916/yunna02102/fastq/SRR19064670_1.fastq.gz	/home/users/eunseo916/yunna02102/fastq/SRR19064670_2.fastq.gz
SRR19064672	/home/users/eunseo916/yunna02102/fastq/SRR19064672_1.fastq.gz	/home/users/eunseo916/yunna02102/fastq/SRR19064672_2.fastq.gz
SRR19064674	/home/users/eunseo916/yunna02102/fastq/SRR19064674_1.fastq.gz	/home/users/eunseo916/yunna02102/fastq/SRR19064674_2.fastq.gz
SRR19064680	/home/users/eunseo916/yunna02102/fastq/SRR19064680_1.fastq.gz	/home/users/eunseo916/yunna02102/fastq/SRR19064680_2.fastq.gz
SRR19064695	/home/users/eunseo916/yunna02102/fastq/SRR19064695_1.fastq.gz	/home/users/eunseo916/yunna02102/fastq/SRR19064695_2.fastq.gz
SRR19064696	/home/users/eunseo916/yunna02102/fastq/SRR19064696_1.fastq.gz	/home/users/eunseo916/yunna02102/fastq/SRR19064696_2.fastq.gz
SRR19064697	/home/users/eunseo916/yunna02102/fastq/SRR19064697_1.fastq.gz	/home/users/eunseo916/yunna02102/fastq/SRR19064697_2.fastq.gz
SRR19064700	/home/users/eunseo916/yunna02102/fastq/SRR19064700_1.fastq.gz	/home/users/eunseo916/yunna02102/fastq/SRR19064700_2.fastq.gz
SRR19064702	/home/users/eunseo916/yunna02102/fastq/SRR19064702_1.fastq.gz	/home/users/eunseo916/yunna02102/fastq/SRR19064702_2.fastq.gz
SRR19064703	/home/users/eunseo916/yunna02102/fastq/SRR19064703_1.fastq.gz	/home/users/eunseo916/yunna02102/fastq/SRR19064703_2.fastq.gz
SRR19064705	/home/users/eunseo916/yunna02102/fastq/SRR19064705_1.fastq.gz	/home/users/eunseo916/yunna02102/fastq/SRR19064705_2.fastq.gz
SRR19064710	/home/users/eunseo916/yunna02102/fastq/SRR19064710_1.fastq.gz	/home/users/eunseo916/yunna02102/fastq/SRR19064710_2.fastq.gz
SRR19064719	/home/users/eunseo916/yunna02102/fastq/SRR19064719_1.fastq.gz	/home/users/eunseo916/yunna02102/fastq/SRR19064719_2.fastq.gz
SRR19064720	/home/users/eunseo916/yunna02102/fastq/SRR19064720_1.fastq.gz	/home/users/eunseo916/yunna02102/fastq/SRR19064720_2.fastq.gz
SRR19064721	/home/users/eunseo916/yunna02102/fastq/SRR19064721_1.fastq.gz	/home/users/eunseo916/yunna02102/fastq/SRR19064721_2.fastq.gz
SRR19064723	/home/users/eunseo916/yunna02102/fastq/SRR19064723_1.fastq.gz	/home/users/eunseo916/yunna02102/fastq/SRR19064723_2.fastq.gz
SRR19064724	/home/users/eunseo916/yunna02102/fastq/SRR19064724_1.fastq.gz	/home/users/eunseo916/yunna02102/fastq/SRR19064724_2.fastq.gz
SRR19064726	/home/users/eunseo916/yunna02102/fastq/SRR19064726_1.fastq.gz	/home/users/eunseo916/yunna02102/fastq/SRR19064726_2.fastq.gz
SRR19064727	/home/users/eunseo916/yunna02102/fastq/SRR19064727_1.fastq.gz	/home/users/eunseo916/yunna02102/fastq/SRR19064727_2.fastq.gz
SRR19064732	/home/users/eunseo916/yunna02102/fastq/SRR19064732_1.fastq.gz	/home/users/eunseo916/yunna02102/fastq/SRR19064732_2.fastq.gz
SRR19064734	/home/users/eunseo916/yunna02102/fastq/SRR19064734_1.fastq.gz	/home/users/eunseo916/yunna02102/fastq/SRR19064734_2.fastq.gz
SRR19064739	/home/users/eunseo916/yunna02102/fastq/SRR19064739_1.fastq.gz	/home/users/eunseo916/yunna02102/fastq/SRR19064739_2.fastq.gz
SRR19064741	/home/users/eunseo916/yunna02102/fastq/SRR19064741_1.fastq.gz	/home/users/eunseo916/yunna02102/fastq/SRR19064741_2.fastq.gz
SRR19064742	/home/users/eunseo916/yunna02102/fastq/SRR19064742_1.fastq.gz	/home/users/eunseo916/yunna02102/fastq/SRR19064742_2.fastq.gz
SRR19064743	/home/users/eunseo916/yunna02102/fastq/SRR19064743_1.fastq.gz	/home/users/eunseo916/yunna02102/fastq/SRR19064743_2.fastq.gz
SRR19064744	/home/users/eunseo916/yunna02102/fastq/SRR19064744_1.fastq.gz	/home/users/eunseo916/yunna02102/fastq/SRR19064744_2.fastq.gz
SRR19064749	/home/users/eunseo916/yunna02102/fastq/SRR19064749_1.fastq.gz	/home/users/eunseo916/yunna02102/fastq/SRR19064749_2.fastq.gz
SRR19064751	/home/users/eunseo916/yunna02102/fastq/SRR19064751_1.fastq.gz	/home/users/eunseo916/yunna02102/fastq/SRR19064751_2.fastq.gz
SRR19064754	/home/users/eunseo916/yunna02102/fastq/SRR19064754_1.fastq.gz	/home/users/eunseo916/yunna02102/fastq/SRR19064754_2.fastq.gz
SRR19064759	/home/users/eunseo916/yunna02102/fastq/SRR19064759_1.fastq.gz	/home/users/eunseo916/yunna02102/fastq/SRR19064759_2.fastq.gz
SRR19064767	/home/users/eunseo916/yunna02102/fastq/SRR19064767_1.fastq.gz	/home/users/eunseo916/yunna02102/fastq/SRR19064767_2.fastq.gz
SRR19064768	/home/users/eunseo916/yunna02102/fastq/SRR19064768_1.fastq.gz	/home/users/eunseo916/yunna02102/fastq/SRR19064768_2.fastq.gz
SRR19064773	/home/users/eunseo916/yunna02102/fastq/SRR19064773_1.fastq.gz	/home/users/eunseo916/yunna02102/fastq/SRR19064773_2.fastq.gz
SRR19064774	/home/users/eunseo916/yunna02102/fastq/SRR19064774_1.fastq.gz	/home/users/eunseo916/yunna02102/fastq/SRR19064774_2.fastq.gz
SRR19064775	/home/users/eunseo916/yunna02102/fastq/SRR19064775_1.fastq.gz	/home/users/eunseo916/yunna02102/fastq/SRR19064775_2.fastq.gz
SRR19064778	/home/users/eunseo916/yunna02102/fastq/SRR19064778_1.fastq.gz	/home/users/eunseo916/yunna02102/fastq/SRR19064778_2.fastq.gz
SRR19064780	/home/users/eunseo916/yunna02102/fastq/SRR19064780_1.fastq.gz	/home/users/eunseo916/yunna02102/fastq/SRR19064780_2.fastq.gz
SRR19064781	/home/users/eunseo916/yunna02102/fastq/SRR19064781_1.fastq.gz	/home/users/eunseo916/yunna02102/fastq/SRR19064781_2.fastq.gz
SRR19064787	/home/users/eunseo916/yunna02102/fastq/SRR19064787_1.fastq.gz	/home/users/eunseo916/yunna02102/fastq/SRR19064787_2.fastq.gz
SRR19064796	/home/users/eunseo916/yunna02102/fastq/SRR19064796_1.fastq.gz	/home/users/eunseo916/yunna02102/fastq/SRR19064796_2.fastq.gz
SRR19064798	/home/users/eunseo916/yunna02102/fastq/SRR19064798_1.fastq.gz	/home/users/eunseo916/yunna02102/fastq/SRR19064798_2.fastq.gz
SRR19064799	/home/users/eunseo916/yunna02102/fastq/SRR19064799_1.fastq.gz	/home/users/eunseo916/yunna02102/fastq/SRR19064799_2.fastq.gz
SRR19064810	/home/users/eunseo916/yunna02102/fastq/SRR19064810_1.fastq.gz	/home/users/eunseo916/yunna02102/fastq/SRR19064810_2.fastq.gz
SRR19064812	/home/users/eunseo916/yunna02102/fastq/SRR19064812_1.fastq.gz	/home/users/eunseo916/yunna02102/fastq/SRR19064812_2.fastq.gz
SRR19064813	/home/users/eunseo916/yunna02102/fastq/SRR19064813_1.fastq.gz	/home/users/eunseo916/yunna02102/fastq/SRR19064813_2.fastq.gz
SRR19064814	/home/users/eunseo916/yunna02102/fastq/SRR19064814_1.fastq.gz	/home/users/eunseo916/yunna02102/fastq/SRR19064814_2.fastq.gz
SRR19064821	/home/users/eunseo916/yunna02102/fastq/SRR19064821_1.fastq.gz	/home/users/eunseo916/yunna02102/fastq/SRR19064821_2.fastq.gz
SRR19064823	/home/users/eunseo916/yunna02102/fastq/SRR19064823_1.fastq.gz	/home/users/eunseo916/yunna02102/fastq/SRR19064823_2.fastq.gz
SRR19064825	/home/users/eunseo916/yunna02102/fastq/SRR19064825_1.fastq.gz	/home/users/eunseo916/yunna02102/fastq/SRR19064825_2.fastq.gz
SRR19064828	/home/users/eunseo916/yunna02102/fastq/SRR19064828_1.fastq.gz	/home/users/eunseo916/yunna02102/fastq/SRR19064828_2.fastq.gz
SRR19064832	/home/users/eunseo916/yunna02102/fastq/SRR19064832_1.fastq.gz	/home/users/eunseo916/yunna02102/fastq/SRR19064832_2.fastq.gz
SRR19064833	/home/users/eunseo916/yunna02102/fastq/SRR19064833_1.fastq.gz	/home/users/eunseo916/yunna02102/fastq/SRR19064833_2.fastq.gz
SRR19064843	/home/users/eunseo916/yunna02102/fastq/SRR19064843_1.fastq.gz	/home/users/eunseo916/yunna02102/fastq/SRR19064843_2.fastq.gz
SRR19064846	/home/users/eunseo916/yunna02102/fastq/SRR19064846_1.fastq.gz	/home/users/eunseo916/yunna02102/fastq/SRR19064846_2.fastq.gz
SRR19064849	/home/users/eunseo916/yunna02102/fastq/SRR19064849_1.fastq.gz	/home/users/eunseo916/yunna02102/fastq/SRR19064849_2.fastq.gz
SRR19064851	/home/users/eunseo916/yunna02102/fastq/SRR19064851_1.fastq.gz	/home/users/eunseo916/yunna02102/fastq/SRR19064851_2.fastq.gz
SRR19064856	/home/users/eunseo916/yunna02102/fastq/SRR19064856_1.fastq.gz	/home/users/eunseo916/yunna02102/fastq/SRR19064856_2.fastq.gz
SRR19064860	/home/users/eunseo916/yunna02102/fastq/SRR19064860_1.fastq.gz	/home/users/eunseo916/yunna02102/fastq/SRR19064860_2.fastq.gz
SRR19064863	/home/users/eunseo916/yunna02102/fastq/SRR19064863_1.fastq.gz	/home/users/eunseo916/yunna02102/fastq/SRR19064863_2.fastq.gz
SRR19064864	/home/users/eunseo916/yunna02102/fastq/SRR19064864_1.fastq.gz	/home/users/eunseo916/yunna02102/fastq/SRR19064864_2.fastq.gz
SRR19064865	/home/users/eunseo916/yunna02102/fastq/SRR19064865_1.fastq.gz	/home/users/eunseo916/yunna02102/fastq/SRR19064865_2.fastq.gz
SRR19064868	/home/users/eunseo916/yunna02102/fastq/SRR19064868_1.fastq.gz	/home/users/eunseo916/yunna02102/fastq/SRR19064868_2.fastq.gz
SRR19064871	/home/users/eunseo916/yunna02102/fastq/SRR19064871_1.fastq.gz	/home/users/eunseo916/yunna02102/fastq/SRR19064871_2.fastq.gz
SRR19064877	/home/users/eunseo916/yunna02102/fastq/SRR19064877_1.fastq.gz	/home/users/eunseo916/yunna02102/fastq/SRR19064877_2.fastq.gz
SRR19064878	/home/users/eunseo916/yunna02102/fastq/SRR19064878_1.fastq.gz	/home/users/eunseo916/yunna02102/fastq/SRR19064878_2.fastq.gz
SRR19064881	/home/users/eunseo916/yunna02102/fastq/SRR19064881_1.fastq.gz	/home/users/eunseo916/yunna02102/fastq/SRR19064881_2.fastq.gz
SRR19064886	/home/users/eunseo916/yunna02102/fastq/SRR19064886_1.fastq.gz	/home/users/eunseo916/yunna02102/fastq/SRR19064886_2.fastq.gz
SRR19064887	/home/users/eunseo916/yunna02102/fastq/SRR19064887_1.fastq.gz	/home/users/eunseo916/yunna02102/fastq/SRR19064887_2.fastq.gz
SRR19064888	/home/users/eunseo916/yunna02102/fastq/SRR19064888_1.fastq.gz	/home/users/eunseo916/yunna02102/fastq/SRR19064888_2.fastq.gz
SRR19064890	/home/users/eunseo916/yunna02102/fastq/SRR19064890_1.fastq.gz	/home/users/eunseo916/yunna02102/fastq/SRR19064890_2.fastq.gz
SRR19064893	/home/users/eunseo916/yunna02102/fastq/SRR19064893_1.fastq.gz	/home/users/eunseo916/yunna02102/fastq/SRR19064893_2.fastq.gz
SRR19064898	/home/users/eunseo916/yunna02102/fastq/SRR19064898_1.fastq.gz	/home/users/eunseo916/yunna02102/fastq/SRR19064898_2.fastq.gz
SRR19064899	/home/users/eunseo916/yunna02102/fastq/SRR19064899_1.fastq.gz	/home/users/eunseo916/yunna02102/fastq/SRR19064899_2.fastq.gz
SRR19064900	/home/users/eunseo916/yunna02102/fastq/SRR19064900_1.fastq.gz	/home/users/eunseo916/yunna02102/fastq/SRR19064900_2.fastq.gz
SRR19064901	/home/users/eunseo916/yunna02102/fastq/SRR19064901_1.fastq.gz	/home/users/eunseo916/yunna02102/fastq/SRR19064901_2.fastq.gz
SRR19064903	/home/users/eunseo916/yunna02102/fastq/SRR19064903_1.fastq.gz	/home/users/eunseo916/yunna02102/fastq/SRR19064903_2.fastq.gz
SRR19064916	/home/users/eunseo916/yunna02102/fastq/SRR19064916_1.fastq.gz	/home/users/eunseo916/yunna02102/fastq/SRR19064916_2.fastq.gz
SRR19064917	/home/users/eunseo916/yunna02102/fastq/SRR19064917_1.fastq.gz	/home/users/eunseo916/yunna02102/fastq/SRR19064917_2.fastq.gz
SRR19064921	/home/users/eunseo916/yunna02102/fastq/SRR19064921_1.fastq.gz	/home/users/eunseo916/yunna02102/fastq/SRR19064921_2.fastq.gz
SRR19064922	/home/users/eunseo916/yunna02102/fastq/SRR19064922_1.fastq.gz	/home/users/eunseo916/yunna02102/fastq/SRR19064922_2.fastq.gz
SRR19064924	/home/users/eunseo916/yunna02102/fastq/SRR19064924_1.fastq.gz	/home/users/eunseo916/yunna02102/fastq/SRR19064924_2.fastq.gz
SRR19064926	/home/users/eunseo916/yunna02102/fastq/SRR19064926_1.fastq.gz	/home/users/eunseo916/yunna02102/fastq/SRR19064926_2.fastq.gz
SRR19064930	/home/users/eunseo916/yunna02102/fastq/SRR19064930_1.fastq.gz	/home/users/eunseo916/yunna02102/fastq/SRR19064930_2.fastq.gz
SRR19064935	/home/users/eunseo916/yunna02102/fastq/SRR19064935_1.fastq.gz	/home/users/eunseo916/yunna02102/fastq/SRR19064935_2.fastq.gz
SRR19064940	/home/users/eunseo916/yunna02102/fastq/SRR19064940_1.fastq.gz	/home/users/eunseo916/yunna02102/fastq/SRR19064940_2.fastq.gz
SRR19064942	/home/users/eunseo916/yunna02102/fastq/SRR19064942_1.fastq.gz	/home/users/eunseo916/yunna02102/fastq/SRR19064942_2.fastq.gz
SRR19064944	/home/users/eunseo916/yunna02102/fastq/SRR19064944_1.fastq.gz	/home/users/eunseo916/yunna02102/fastq/SRR19064944_2.fastq.gz
SRR19064950	/home/users/eunseo916/yunna02102/fastq/SRR19064950_1.fastq.gz	/home/users/eunseo916/yunna02102/fastq/SRR19064950_2.fastq.gz
SRR19064958	/home/users/eunseo916/yunna02102/fastq/SRR19064958_1.fastq.gz	/home/users/eunseo916/yunna02102/fastq/SRR19064958_2.fastq.gz
SRR19064959	/home/users/eunseo916/yunna02102/fastq/SRR19064959_1.fastq.gz	/home/users/eunseo916/yunna02102/fastq/SRR19064959_2.fastq.gz
SRR19064960	/home/users/eunseo916/yunna02102/fastq/SRR19064960_1.fastq.gz	/home/users/eunseo916/yunna02102/fastq/SRR19064960_2.fastq.gz
SRR19064966	/home/users/eunseo916/yunna02102/fastq/SRR19064966_1.fastq.gz	/home/users/eunseo916/yunna02102/fastq/SRR19064966_2.fastq.gz
SRR19064970	/home/users/eunseo916/yunna02102/fastq/SRR19064970_1.fastq.gz	/home/users/eunseo916/yunna02102/fastq/SRR19064970_2.fastq.gz
SRR19064973	/home/users/eunseo916/yunna02102/fastq/SRR19064973_1.fastq.gz	/home/users/eunseo916/yunna02102/fastq/SRR19064973_2.fastq.gz
SRR19064975	/home/users/eunseo916/yunna02102/fastq/SRR19064975_1.fastq.gz	/home/users/eunseo916/yunna02102/fastq/SRR19064975_2.fastq.gz
SRR19064977	/home/users/eunseo916/yunna02102/fastq/SRR19064977_1.fastq.gz	/home/users/eunseo916/yunna02102/fastq/SRR19064977_2.fastq.gz
SRR19064979	/home/users/eunseo916/yunna02102/fastq/SRR19064979_1.fastq.gz	/home/users/eunseo916/yunna02102/fastq/SRR19064979_2.fastq.gz
SRR19064983	/home/users/eunseo916/yunna02102/fastq/SRR19064983_1.fastq.gz	/home/users/eunseo916/yunna02102/fastq/SRR19064983_2.fastq.gz
SRR19064985	/home/users/eunseo916/yunna02102/fastq/SRR19064985_1.fastq.gz	/home/users/eunseo916/yunna02102/fastq/SRR19064985_2.fastq.gz
SRR19064990	/home/users/eunseo916/yunna02102/fastq/SRR19064990_1.fastq.gz	/home/users/eunseo916/yunna02102/fastq/SRR19064990_2.fastq.gz
SRR19064994	/home/users/eunseo916/yunna02102/fastq/SRR19064994_1.fastq.gz	/home/users/eunseo916/yunna02102/fastq/SRR19064994_2.fastq.gz
SRR19064995	/home/users/eunseo916/yunna02102/fastq/SRR19064995_1.fastq.gz	/home/users/eunseo916/yunna02102/fastq/SRR19064995_2.fastq.gz
SRR19064996	/home/users/eunseo916/yunna02102/fastq/SRR19064996_1.fastq.gz	/home/users/eunseo916/yunna02102/fastq/SRR19064996_2.fastq.gz
SRR19064997	/home/users/eunseo916/yunna02102/fastq/SRR19064997_1.fastq.gz	/home/users/eunseo916/yunna02102/fastq/SRR19064997_2.fastq.gz
SRR19065002	/home/users/eunseo916/yunna02102/fastq/SRR19065002_1.fastq.gz	/home/users/eunseo916/yunna02102/fastq/SRR19065002_2.fastq.gz
SRR19065007	/home/users/eunseo916/yunna02102/fastq/SRR19065007_1.fastq.gz	/home/users/eunseo916/yunna02102/fastq/SRR19065007_2.fastq.gz
SRR19065008	/home/users/eunseo916/yunna02102/fastq/SRR19065008_1.fastq.gz	/home/users/eunseo916/yunna02102/fastq/SRR19065008_2.fastq.gz
SRR19065009	/home/users/eunseo916/yunna02102/fastq/SRR19065009_1.fastq.gz	/home/users/eunseo916/yunna02102/fastq/SRR19065009_2.fastq.gz
SRR19065014	/home/users/eunseo916/yunna02102/fastq/SRR19065014_1.fastq.gz	/home/users/eunseo916/yunna02102/fastq/SRR19065014_2.fastq.gz
SRR19065015	/home/users/eunseo916/yunna02102/fastq/SRR19065015_1.fastq.gz	/home/users/eunseo916/yunna02102/fastq/SRR19065015_2.fastq.gz
SRR19065016	/home/users/eunseo916/yunna02102/fastq/SRR19065016_1.fastq.gz	/home/users/eunseo916/yunna02102/fastq/SRR19065016_2.fastq.gz
SRR19065018	/home/users/eunseo916/yunna02102/fastq/SRR19065018_1.fastq.gz	/home/users/eunseo916/yunna02102/fastq/SRR19065018_2.fastq.gz
SRR19065025	/home/users/eunseo916/yunna02102/fastq/SRR19065025_1.fastq.gz	/home/users/eunseo916/yunna02102/fastq/SRR19065025_2.fastq.gz
SRR19065026	/home/users/eunseo916/yunna02102/fastq/SRR19065026_1.fastq.gz	/home/users/eunseo916/yunna02102/fastq/SRR19065026_2.fastq.gz
SRR19065028	/home/users/eunseo916/yunna02102/fastq/SRR19065028_1.fastq.gz	/home/users/eunseo916/yunna02102/fastq/SRR19065028_2.fastq.gz
SRR19065030	/home/users/eunseo916/yunna02102/fastq/SRR19065030_1.fastq.gz	/home/users/eunseo916/yunna02102/fastq/SRR19065030_2.fastq.gz
SRR19065036	/home/users/eunseo916/yunna02102/fastq/SRR19065036_1.fastq.gz	/home/users/eunseo916/yunna02102/fastq/SRR19065036_2.fastq.gz
SRR19065039	/home/users/eunseo916/yunna02102/fastq/SRR19065039_1.fastq.gz	/home/users/eunseo916/yunna02102/fastq/SRR19065039_2.fastq.gz
SRR19065040	/home/users/eunseo916/yunna02102/fastq/SRR19065040_1.fastq.gz	/home/users/eunseo916/yunna02102/fastq/SRR19065040_2.fastq.gz
