sample-id,absolute-filepath,direction
ERR2730148,C:\Users\KAMLAB\Desktop\yunna_test\data\wget_fastq\ERR2730148_R1.fastq.gz,forward
ERR2730148,C:\Users\KAMLAB\Desktop\yunna_test\data\wget_fastq\ERR2730148_R2.fastq.gz,reverse
ERR2730149,C:\Users\KAMLAB\Desktop\yunna_test\data\wget_fastq\ERR2730149_R1.fastq.gz,forward
ERR2730149,C:\Users\KAMLAB\Desktop\yunna_test\data\wget_fastq\ERR2730149_R2.fastq.gz,reverse
ERR2730152,C:\Users\KAMLAB\Desktop\yunna_test\data\wget_fastq\ERR2730152_R1.fastq.gz,forward
ERR2730152,C:\Users\KAMLAB\Desktop\yunna_test\data\wget_fastq\ERR2730152_R2.fastq.gz,reverse
ERR2730156,C:\Users\KAMLAB\Desktop\yunna_test\data\wget_fastq\ERR2730156_R1.fastq.gz,forward
ERR2730156,C:\Users\KAMLAB\Desktop\yunna_test\data\wget_fastq\ERR2730156_R2.fastq.gz,reverse
ERR2730159,C:\Users\KAMLAB\Desktop\yunna_test\data\wget_fastq\ERR2730159_R1.fastq.gz,forward
ERR2730159,C:\Users\KAMLAB\Desktop\yunna_test\data\wget_fastq\ERR2730159_R2.fastq.gz,reverse
ERR2730167,C:\Users\KAMLAB\Desktop\yunna_test\data\wget_fastq\ERR2730167_R1.fastq.gz,forward
ERR2730167,C:\Users\KAMLAB\Desktop\yunna_test\data\wget_fastq\ERR2730167_R2.fastq.gz,reverse
ERR2730170,C:\Users\KAMLAB\Desktop\yunna_test\data\wget_fastq\ERR2730170_R1.fastq.gz,forward
ERR2730170,C:\Users\KAMLAB\Desktop\yunna_test\data\wget_fastq\ERR2730170_R2.fastq.gz,reverse
ERR2730171,C:\Users\KAMLAB\Desktop\yunna_test\data\wget_fastq\ERR2730171_R1.fastq.gz,forward
ERR2730171,C:\Users\KAMLAB\Desktop\yunna_test\data\wget_fastq\ERR2730171_R2.fastq.gz,reverse
ERR2730178,C:\Users\KAMLAB\Desktop\yunna_test\data\wget_fastq\ERR2730178_R1.fastq.gz,forward
ERR2730178,C:\Users\KAMLAB\Desktop\yunna_test\data\wget_fastq\ERR2730178_R2.fastq.gz,reverse
ERR2730181,C:\Users\KAMLAB\Desktop\yunna_test\data\wget_fastq\ERR2730181_R1.fastq.gz,forward
ERR2730181,C:\Users\KAMLAB\Desktop\yunna_test\data\wget_fastq\ERR2730181_R2.fastq.gz,reverse
ERR2730183,C:\Users\KAMLAB\Desktop\yunna_test\data\wget_fastq\ERR2730183_R1.fastq.gz,forward
ERR2730183,C:\Users\KAMLAB\Desktop\yunna_test\data\wget_fastq\ERR2730183_R2.fastq.gz,reverse
ERR2730186,C:\Users\KAMLAB\Desktop\yunna_test\data\wget_fastq\ERR2730186_R1.fastq.gz,forward
ERR2730186,C:\Users\KAMLAB\Desktop\yunna_test\data\wget_fastq\ERR2730186_R2.fastq.gz,reverse
ERR2730190,C:\Users\KAMLAB\Desktop\yunna_test\data\wget_fastq\ERR2730190_R1.fastq.gz,forward
ERR2730190,C:\Users\KAMLAB\Desktop\yunna_test\data\wget_fastq\ERR2730190_R2.fastq.gz,reverse
ERR2730191,C:\Users\KAMLAB\Desktop\yunna_test\data\wget_fastq\ERR2730191_R1.fastq.gz,forward
ERR2730191,C:\Users\KAMLAB\Desktop\yunna_test\data\wget_fastq\ERR2730191_R2.fastq.gz,reverse
ERR2730196,C:\Users\KAMLAB\Desktop\yunna_test\data\wget_fastq\ERR2730196_R1.fastq.gz,forward
ERR2730196,C:\Users\KAMLAB\Desktop\yunna_test\data\wget_fastq\ERR2730196_R2.fastq.gz,reverse
ERR2730202,C:\Users\KAMLAB\Desktop\yunna_test\data\wget_fastq\ERR2730202_R1.fastq.gz,forward
ERR2730202,C:\Users\KAMLAB\Desktop\yunna_test\data\wget_fastq\ERR2730202_R2.fastq.gz,reverse
ERR2730203,C:\Users\KAMLAB\Desktop\yunna_test\data\wget_fastq\ERR2730203_R1.fastq.gz,forward
ERR2730203,C:\Users\KAMLAB\Desktop\yunna_test\data\wget_fastq\ERR2730203_R2.fastq.gz,reverse
ERR2730212,C:\Users\KAMLAB\Desktop\yunna_test\data\wget_fastq\ERR2730212_R1.fastq.gz,forward
ERR2730212,C:\Users\KAMLAB\Desktop\yunna_test\data\wget_fastq\ERR2730212_R2.fastq.gz,reverse
ERR2730214,C:\Users\KAMLAB\Desktop\yunna_test\data\wget_fastq\ERR2730214_R1.fastq.gz,forward
ERR2730214,C:\Users\KAMLAB\Desktop\yunna_test\data\wget_fastq\ERR2730214_R2.fastq.gz,reverse
ERR2730215,C:\Users\KAMLAB\Desktop\yunna_test\data\wget_fastq\ERR2730215_R1.fastq.gz,forward
ERR2730215,C:\Users\KAMLAB\Desktop\yunna_test\data\wget_fastq\ERR2730215_R2.fastq.gz,reverse
ERR2730217,C:\Users\KAMLAB\Desktop\yunna_test\data\wget_fastq\ERR2730217_R1.fastq.gz,forward
ERR2730217,C:\Users\KAMLAB\Desktop\yunna_test\data\wget_fastq\ERR2730217_R2.fastq.gz,reverse
ERR2730221,C:\Users\KAMLAB\Desktop\yunna_test\data\wget_fastq\ERR2730221_R1.fastq.gz,forward
ERR2730221,C:\Users\KAMLAB\Desktop\yunna_test\data\wget_fastq\ERR2730221_R2.fastq.gz,reverse
ERR2730223,C:\Users\KAMLAB\Desktop\yunna_test\data\wget_fastq\ERR2730223_R1.fastq.gz,forward
ERR2730223,C:\Users\KAMLAB\Desktop\yunna_test\data\wget_fastq\ERR2730223_R2.fastq.gz,reverse
ERR2730224,C:\Users\KAMLAB\Desktop\yunna_test\data\wget_fastq\ERR2730224_R1.fastq.gz,forward
ERR2730224,C:\Users\KAMLAB\Desktop\yunna_test\data\wget_fastq\ERR2730224_R2.fastq.gz,reverse
ERR2730225,C:\Users\KAMLAB\Desktop\yunna_test\data\wget_fastq\ERR2730225_R1.fastq.gz,forward
ERR2730225,C:\Users\KAMLAB\Desktop\yunna_test\data\wget_fastq\ERR2730225_R2.fastq.gz,reverse
ERR2730226,C:\Users\KAMLAB\Desktop\yunna_test\data\wget_fastq\ERR2730226_R1.fastq.gz,forward
ERR2730226,C:\Users\KAMLAB\Desktop\yunna_test\data\wget_fastq\ERR2730226_R2.fastq.gz,reverse
ERR2730228,C:\Users\KAMLAB\Desktop\yunna_test\data\wget_fastq\ERR2730228_R1.fastq.gz,forward
ERR2730228,C:\Users\KAMLAB\Desktop\yunna_test\data\wget_fastq\ERR2730228_R2.fastq.gz,reverse
ERR2730234,C:\Users\KAMLAB\Desktop\yunna_test\data\wget_fastq\ERR2730234_R1.fastq.gz,forward
ERR2730234,C:\Users\KAMLAB\Desktop\yunna_test\data\wget_fastq\ERR2730234_R2.fastq.gz,reverse
ERR2730235,C:\Users\KAMLAB\Desktop\yunna_test\data\wget_fastq\ERR2730235_R1.fastq.gz,forward
ERR2730235,C:\Users\KAMLAB\Desktop\yunna_test\data\wget_fastq\ERR2730235_R2.fastq.gz,reverse
ERR2730240,C:\Users\KAMLAB\Desktop\yunna_test\data\wget_fastq\ERR2730240_R1.fastq.gz,forward
ERR2730240,C:\Users\KAMLAB\Desktop\yunna_test\data\wget_fastq\ERR2730240_R2.fastq.gz,reverse
ERR2730241,C:\Users\KAMLAB\Desktop\yunna_test\data\wget_fastq\ERR2730241_R1.fastq.gz,forward
ERR2730241,C:\Users\KAMLAB\Desktop\yunna_test\data\wget_fastq\ERR2730241_R2.fastq.gz,reverse
ERR2730246,C:\Users\KAMLAB\Desktop\yunna_test\data\wget_fastq\ERR2730246_R1.fastq.gz,forward
ERR2730246,C:\Users\KAMLAB\Desktop\yunna_test\data\wget_fastq\ERR2730246_R2.fastq.gz,reverse
ERR2730247,C:\Users\KAMLAB\Desktop\yunna_test\data\wget_fastq\ERR2730247_R1.fastq.gz,forward
ERR2730247,C:\Users\KAMLAB\Desktop\yunna_test\data\wget_fastq\ERR2730247_R2.fastq.gz,reverse
ERR2730249,C:\Users\KAMLAB\Desktop\yunna_test\data\wget_fastq\ERR2730249_R1.fastq.gz,forward
ERR2730249,C:\Users\KAMLAB\Desktop\yunna_test\data\wget_fastq\ERR2730249_R2.fastq.gz,reverse
ERR2730250,C:\Users\KAMLAB\Desktop\yunna_test\data\wget_fastq\ERR2730250_R1.fastq.gz,forward
ERR2730250,C:\Users\KAMLAB\Desktop\yunna_test\data\wget_fastq\ERR2730250_R2.fastq.gz,reverse
ERR2730251,C:\Users\KAMLAB\Desktop\yunna_test\data\wget_fastq\ERR2730251_R1.fastq.gz,forward
ERR2730251,C:\Users\KAMLAB\Desktop\yunna_test\data\wget_fastq\ERR2730251_R2.fastq.gz,reverse
ERR2730252,C:\Users\KAMLAB\Desktop\yunna_test\data\wget_fastq\ERR2730252_R1.fastq.gz,forward
ERR2730252,C:\Users\KAMLAB\Desktop\yunna_test\data\wget_fastq\ERR2730252_R2.fastq.gz,reverse
ERR2730253,C:\Users\KAMLAB\Desktop\yunna_test\data\wget_fastq\ERR2730253_R1.fastq.gz,forward
ERR2730253,C:\Users\KAMLAB\Desktop\yunna_test\data\wget_fastq\ERR2730253_R2.fastq.gz,reverse
ERR2730256,C:\Users\KAMLAB\Desktop\yunna_test\data\wget_fastq\ERR2730256_R1.fastq.gz,forward
ERR2730256,C:\Users\KAMLAB\Desktop\yunna_test\data\wget_fastq\ERR2730256_R2.fastq.gz,reverse
ERR2730268,C:\Users\KAMLAB\Desktop\yunna_test\data\wget_fastq\ERR2730268_R1.fastq.gz,forward
ERR2730268,C:\Users\KAMLAB\Desktop\yunna_test\data\wget_fastq\ERR2730268_R2.fastq.gz,reverse
ERR2730272,C:\Users\KAMLAB\Desktop\yunna_test\data\wget_fastq\ERR2730272_R1.fastq.gz,forward
ERR2730272,C:\Users\KAMLAB\Desktop\yunna_test\data\wget_fastq\ERR2730272_R2.fastq.gz,reverse
ERR2730275,C:\Users\KAMLAB\Desktop\yunna_test\data\wget_fastq\ERR2730275_R1.fastq.gz,forward
ERR2730275,C:\Users\KAMLAB\Desktop\yunna_test\data\wget_fastq\ERR2730275_R2.fastq.gz,reverse
ERR2730278,C:\Users\KAMLAB\Desktop\yunna_test\data\wget_fastq\ERR2730278_R1.fastq.gz,forward
ERR2730278,C:\Users\KAMLAB\Desktop\yunna_test\data\wget_fastq\ERR2730278_R2.fastq.gz,reverse
ERR2730280,C:\Users\KAMLAB\Desktop\yunna_test\data\wget_fastq\ERR2730280_R1.fastq.gz,forward
ERR2730280,C:\Users\KAMLAB\Desktop\yunna_test\data\wget_fastq\ERR2730280_R2.fastq.gz,reverse
ERR2730281,C:\Users\KAMLAB\Desktop\yunna_test\data\wget_fastq\ERR2730281_R1.fastq.gz,forward
ERR2730281,C:\Users\KAMLAB\Desktop\yunna_test\data\wget_fastq\ERR2730281_R2.fastq.gz,reverse
ERR2730282,C:\Users\KAMLAB\Desktop\yunna_test\data\wget_fastq\ERR2730282_R1.fastq.gz,forward
ERR2730282,C:\Users\KAMLAB\Desktop\yunna_test\data\wget_fastq\ERR2730282_R2.fastq.gz,reverse
ERR2730286,C:\Users\KAMLAB\Desktop\yunna_test\data\wget_fastq\ERR2730286_R1.fastq.gz,forward
ERR2730286,C:\Users\KAMLAB\Desktop\yunna_test\data\wget_fastq\ERR2730286_R2.fastq.gz,reverse
ERR2730287,C:\Users\KAMLAB\Desktop\yunna_test\data\wget_fastq\ERR2730287_R1.fastq.gz,forward
ERR2730287,C:\Users\KAMLAB\Desktop\yunna_test\data\wget_fastq\ERR2730287_R2.fastq.gz,reverse
ERR2730291,C:\Users\KAMLAB\Desktop\yunna_test\data\wget_fastq\ERR2730291_R1.fastq.gz,forward
ERR2730291,C:\Users\KAMLAB\Desktop\yunna_test\data\wget_fastq\ERR2730291_R2.fastq.gz,reverse
ERR2730296,C:\Users\KAMLAB\Desktop\yunna_test\data\wget_fastq\ERR2730296_R1.fastq.gz,forward
ERR2730296,C:\Users\KAMLAB\Desktop\yunna_test\data\wget_fastq\ERR2730296_R2.fastq.gz,reverse
ERR2730297,C:\Users\KAMLAB\Desktop\yunna_test\data\wget_fastq\ERR2730297_R1.fastq.gz,forward
ERR2730297,C:\Users\KAMLAB\Desktop\yunna_test\data\wget_fastq\ERR2730297_R2.fastq.gz,reverse
ERR2730298,C:\Users\KAMLAB\Desktop\yunna_test\data\wget_fastq\ERR2730298_R1.fastq.gz,forward
ERR2730298,C:\Users\KAMLAB\Desktop\yunna_test\data\wget_fastq\ERR2730298_R2.fastq.gz,reverse
ERR2730301,C:\Users\KAMLAB\Desktop\yunna_test\data\wget_fastq\ERR2730301_R1.fastq.gz,forward
ERR2730301,C:\Users\KAMLAB\Desktop\yunna_test\data\wget_fastq\ERR2730301_R2.fastq.gz,reverse
ERR2730306,C:\Users\KAMLAB\Desktop\yunna_test\data\wget_fastq\ERR2730306_R1.fastq.gz,forward
ERR2730306,C:\Users\KAMLAB\Desktop\yunna_test\data\wget_fastq\ERR2730306_R2.fastq.gz,reverse
ERR2730308,C:\Users\KAMLAB\Desktop\yunna_test\data\wget_fastq\ERR2730308_R1.fastq.gz,forward
ERR2730308,C:\Users\KAMLAB\Desktop\yunna_test\data\wget_fastq\ERR2730308_R2.fastq.gz,reverse
ERR2730310,C:\Users\KAMLAB\Desktop\yunna_test\data\wget_fastq\ERR2730310_R1.fastq.gz,forward
ERR2730310,C:\Users\KAMLAB\Desktop\yunna_test\data\wget_fastq\ERR2730310_R2.fastq.gz,reverse
ERR2730311,C:\Users\KAMLAB\Desktop\yunna_test\data\wget_fastq\ERR2730311_R1.fastq.gz,forward
ERR2730311,C:\Users\KAMLAB\Desktop\yunna_test\data\wget_fastq\ERR2730311_R2.fastq.gz,reverse
ERR2730315,C:\Users\KAMLAB\Desktop\yunna_test\data\wget_fastq\ERR2730315_R1.fastq.gz,forward
ERR2730315,C:\Users\KAMLAB\Desktop\yunna_test\data\wget_fastq\ERR2730315_R2.fastq.gz,reverse
ERR2730316,C:\Users\KAMLAB\Desktop\yunna_test\data\wget_fastq\ERR2730316_R1.fastq.gz,forward
ERR2730316,C:\Users\KAMLAB\Desktop\yunna_test\data\wget_fastq\ERR2730316_R2.fastq.gz,reverse
ERR2730317,C:\Users\KAMLAB\Desktop\yunna_test\data\wget_fastq\ERR2730317_R1.fastq.gz,forward
ERR2730317,C:\Users\KAMLAB\Desktop\yunna_test\data\wget_fastq\ERR2730317_R2.fastq.gz,reverse
ERR2730325,C:\Users\KAMLAB\Desktop\yunna_test\data\wget_fastq\ERR2730325_R1.fastq.gz,forward
ERR2730325,C:\Users\KAMLAB\Desktop\yunna_test\data\wget_fastq\ERR2730325_R2.fastq.gz,reverse
ERR2730327,C:\Users\KAMLAB\Desktop\yunna_test\data\wget_fastq\ERR2730327_R1.fastq.gz,forward
ERR2730327,C:\Users\KAMLAB\Desktop\yunna_test\data\wget_fastq\ERR2730327_R2.fastq.gz,reverse
ERR2730329,C:\Users\KAMLAB\Desktop\yunna_test\data\wget_fastq\ERR2730329_R1.fastq.gz,forward
ERR2730329,C:\Users\KAMLAB\Desktop\yunna_test\data\wget_fastq\ERR2730329_R2.fastq.gz,reverse
ERR2730330,C:\Users\KAMLAB\Desktop\yunna_test\data\wget_fastq\ERR2730330_R1.fastq.gz,forward
ERR2730330,C:\Users\KAMLAB\Desktop\yunna_test\data\wget_fastq\ERR2730330_R2.fastq.gz,reverse
ERR2730338,C:\Users\KAMLAB\Desktop\yunna_test\data\wget_fastq\ERR2730338_R1.fastq.gz,forward
ERR2730338,C:\Users\KAMLAB\Desktop\yunna_test\data\wget_fastq\ERR2730338_R2.fastq.gz,reverse
ERR2730339,C:\Users\KAMLAB\Desktop\yunna_test\data\wget_fastq\ERR2730339_R1.fastq.gz,forward
ERR2730339,C:\Users\KAMLAB\Desktop\yunna_test\data\wget_fastq\ERR2730339_R2.fastq.gz,reverse
ERR2730352,C:\Users\KAMLAB\Desktop\yunna_test\data\wget_fastq\ERR2730352_R1.fastq.gz,forward
ERR2730352,C:\Users\KAMLAB\Desktop\yunna_test\data\wget_fastq\ERR2730352_R2.fastq.gz,reverse
ERR2730353,C:\Users\KAMLAB\Desktop\yunna_test\data\wget_fastq\ERR2730353_R1.fastq.gz,forward
ERR2730353,C:\Users\KAMLAB\Desktop\yunna_test\data\wget_fastq\ERR2730353_R2.fastq.gz,reverse
ERR2730361,C:\Users\KAMLAB\Desktop\yunna_test\data\wget_fastq\ERR2730361_R1.fastq.gz,forward
ERR2730361,C:\Users\KAMLAB\Desktop\yunna_test\data\wget_fastq\ERR2730361_R2.fastq.gz,reverse
ERR2730362,C:\Users\KAMLAB\Desktop\yunna_test\data\wget_fastq\ERR2730362_R1.fastq.gz,forward
ERR2730362,C:\Users\KAMLAB\Desktop\yunna_test\data\wget_fastq\ERR2730362_R2.fastq.gz,reverse
ERR2730366,C:\Users\KAMLAB\Desktop\yunna_test\data\wget_fastq\ERR2730366_R1.fastq.gz,forward
ERR2730366,C:\Users\KAMLAB\Desktop\yunna_test\data\wget_fastq\ERR2730366_R2.fastq.gz,reverse
ERR2730367,C:\Users\KAMLAB\Desktop\yunna_test\data\wget_fastq\ERR2730367_R1.fastq.gz,forward
ERR2730367,C:\Users\KAMLAB\Desktop\yunna_test\data\wget_fastq\ERR2730367_R2.fastq.gz,reverse
ERR2730376,C:\Users\KAMLAB\Desktop\yunna_test\data\wget_fastq\ERR2730376_R1.fastq.gz,forward
ERR2730376,C:\Users\KAMLAB\Desktop\yunna_test\data\wget_fastq\ERR2730376_R2.fastq.gz,reverse
ERR2730377,C:\Users\KAMLAB\Desktop\yunna_test\data\wget_fastq\ERR2730377_R1.fastq.gz,forward
ERR2730377,C:\Users\KAMLAB\Desktop\yunna_test\data\wget_fastq\ERR2730377_R2.fastq.gz,reverse
ERR2730378,C:\Users\KAMLAB\Desktop\yunna_test\data\wget_fastq\ERR2730378_R1.fastq.gz,forward
ERR2730378,C:\Users\KAMLAB\Desktop\yunna_test\data\wget_fastq\ERR2730378_R2.fastq.gz,reverse
ERR2730379,C:\Users\KAMLAB\Desktop\yunna_test\data\wget_fastq\ERR2730379_R1.fastq.gz,forward
ERR2730379,C:\Users\KAMLAB\Desktop\yunna_test\data\wget_fastq\ERR2730379_R2.fastq.gz,reverse
ERR2730381,C:\Users\KAMLAB\Desktop\yunna_test\data\wget_fastq\ERR2730381_R1.fastq.gz,forward
ERR2730381,C:\Users\KAMLAB\Desktop\yunna_test\data\wget_fastq\ERR2730381_R2.fastq.gz,reverse
ERR2730383,C:\Users\KAMLAB\Desktop\yunna_test\data\wget_fastq\ERR2730383_R1.fastq.gz,forward
ERR2730383,C:\Users\KAMLAB\Desktop\yunna_test\data\wget_fastq\ERR2730383_R2.fastq.gz,reverse
ERR2730388,C:\Users\KAMLAB\Desktop\yunna_test\data\wget_fastq\ERR2730388_R1.fastq.gz,forward
ERR2730388,C:\Users\KAMLAB\Desktop\yunna_test\data\wget_fastq\ERR2730388_R2.fastq.gz,reverse
ERR2730389,C:\Users\KAMLAB\Desktop\yunna_test\data\wget_fastq\ERR2730389_R1.fastq.gz,forward
ERR2730389,C:\Users\KAMLAB\Desktop\yunna_test\data\wget_fastq\ERR2730389_R2.fastq.gz,reverse
ERR2730396,C:\Users\KAMLAB\Desktop\yunna_test\data\wget_fastq\ERR2730396_R1.fastq.gz,forward
ERR2730396,C:\Users\KAMLAB\Desktop\yunna_test\data\wget_fastq\ERR2730396_R2.fastq.gz,reverse
ERR3040011,C:\Users\KAMLAB\Desktop\yunna_test\data\wget_fastq\ERR3040011_R1.fastq.gz,forward
ERR3040011,C:\Users\KAMLAB\Desktop\yunna_test\data\wget_fastq\ERR3040011_R2.fastq.gz,reverse
ERR3040014,C:\Users\KAMLAB\Desktop\yunna_test\data\wget_fastq\ERR3040014_R1.fastq.gz,forward
ERR3040014,C:\Users\KAMLAB\Desktop\yunna_test\data\wget_fastq\ERR3040014_R2.fastq.gz,reverse
ERR3040017,C:\Users\KAMLAB\Desktop\yunna_test\data\wget_fastq\ERR3040017_R1.fastq.gz,forward
ERR3040017,C:\Users\KAMLAB\Desktop\yunna_test\data\wget_fastq\ERR3040017_R2.fastq.gz,reverse
ERR3040018,C:\Users\KAMLAB\Desktop\yunna_test\data\wget_fastq\ERR3040018_R1.fastq.gz,forward
ERR3040018,C:\Users\KAMLAB\Desktop\yunna_test\data\wget_fastq\ERR3040018_R2.fastq.gz,reverse
ERR3040019,C:\Users\KAMLAB\Desktop\yunna_test\data\wget_fastq\ERR3040019_R1.fastq.gz,forward
ERR3040019,C:\Users\KAMLAB\Desktop\yunna_test\data\wget_fastq\ERR3040019_R2.fastq.gz,reverse
ERR3040023,C:\Users\KAMLAB\Desktop\yunna_test\data\wget_fastq\ERR3040023_R1.fastq.gz,forward
ERR3040023,C:\Users\KAMLAB\Desktop\yunna_test\data\wget_fastq\ERR3040023_R2.fastq.gz,reverse
ERR3040025,C:\Users\KAMLAB\Desktop\yunna_test\data\wget_fastq\ERR3040025_R1.fastq.gz,forward
ERR3040025,C:\Users\KAMLAB\Desktop\yunna_test\data\wget_fastq\ERR3040025_R2.fastq.gz,reverse
ERR3040030,C:\Users\KAMLAB\Desktop\yunna_test\data\wget_fastq\ERR3040030_R1.fastq.gz,forward
ERR3040030,C:\Users\KAMLAB\Desktop\yunna_test\data\wget_fastq\ERR3040030_R2.fastq.gz,reverse
ERR3040034,C:\Users\KAMLAB\Desktop\yunna_test\data\wget_fastq\ERR3040034_R1.fastq.gz,forward
ERR3040034,C:\Users\KAMLAB\Desktop\yunna_test\data\wget_fastq\ERR3040034_R2.fastq.gz,reverse
ERR3040035,C:\Users\KAMLAB\Desktop\yunna_test\data\wget_fastq\ERR3040035_R1.fastq.gz,forward
ERR3040035,C:\Users\KAMLAB\Desktop\yunna_test\data\wget_fastq\ERR3040035_R2.fastq.gz,reverse
ERR3040040,C:\Users\KAMLAB\Desktop\yunna_test\data\wget_fastq\ERR3040040_R1.fastq.gz,forward
ERR3040040,C:\Users\KAMLAB\Desktop\yunna_test\data\wget_fastq\ERR3040040_R2.fastq.gz,reverse
ERR3040044,C:\Users\KAMLAB\Desktop\yunna_test\data\wget_fastq\ERR3040044_R1.fastq.gz,forward
ERR3040044,C:\Users\KAMLAB\Desktop\yunna_test\data\wget_fastq\ERR3040044_R2.fastq.gz,reverse
ERR3040052,C:\Users\KAMLAB\Desktop\yunna_test\data\wget_fastq\ERR3040052_R1.fastq.gz,forward
ERR3040052,C:\Users\KAMLAB\Desktop\yunna_test\data\wget_fastq\ERR3040052_R2.fastq.gz,reverse
ERR2730151,C:\Users\KAMLAB\Desktop\yunna_test\data\wget_fastq\ERR2730151_R1.fastq.gz,forward
ERR2730151,C:\Users\KAMLAB\Desktop\yunna_test\data\wget_fastq\ERR2730151_R2.fastq.gz,reverse
ERR2730153,C:\Users\KAMLAB\Desktop\yunna_test\data\wget_fastq\ERR2730153_R1.fastq.gz,forward
ERR2730153,C:\Users\KAMLAB\Desktop\yunna_test\data\wget_fastq\ERR2730153_R2.fastq.gz,reverse
ERR2730154,C:\Users\KAMLAB\Desktop\yunna_test\data\wget_fastq\ERR2730154_R1.fastq.gz,forward
ERR2730154,C:\Users\KAMLAB\Desktop\yunna_test\data\wget_fastq\ERR2730154_R2.fastq.gz,reverse
ERR2730157,C:\Users\KAMLAB\Desktop\yunna_test\data\wget_fastq\ERR2730157_R1.fastq.gz,forward
ERR2730157,C:\Users\KAMLAB\Desktop\yunna_test\data\wget_fastq\ERR2730157_R2.fastq.gz,reverse
ERR2730160,C:\Users\KAMLAB\Desktop\yunna_test\data\wget_fastq\ERR2730160_R1.fastq.gz,forward
ERR2730160,C:\Users\KAMLAB\Desktop\yunna_test\data\wget_fastq\ERR2730160_R2.fastq.gz,reverse
ERR2730161,C:\Users\KAMLAB\Desktop\yunna_test\data\wget_fastq\ERR2730161_R1.fastq.gz,forward
ERR2730161,C:\Users\KAMLAB\Desktop\yunna_test\data\wget_fastq\ERR2730161_R2.fastq.gz,reverse
ERR2730163,C:\Users\KAMLAB\Desktop\yunna_test\data\wget_fastq\ERR2730163_R1.fastq.gz,forward
ERR2730163,C:\Users\KAMLAB\Desktop\yunna_test\data\wget_fastq\ERR2730163_R2.fastq.gz,reverse
ERR2730165,C:\Users\KAMLAB\Desktop\yunna_test\data\wget_fastq\ERR2730165_R1.fastq.gz,forward
ERR2730165,C:\Users\KAMLAB\Desktop\yunna_test\data\wget_fastq\ERR2730165_R2.fastq.gz,reverse
ERR2730169,C:\Users\KAMLAB\Desktop\yunna_test\data\wget_fastq\ERR2730169_R1.fastq.gz,forward
ERR2730169,C:\Users\KAMLAB\Desktop\yunna_test\data\wget_fastq\ERR2730169_R2.fastq.gz,reverse
ERR2730173,C:\Users\KAMLAB\Desktop\yunna_test\data\wget_fastq\ERR2730173_R1.fastq.gz,forward
ERR2730173,C:\Users\KAMLAB\Desktop\yunna_test\data\wget_fastq\ERR2730173_R2.fastq.gz,reverse
ERR2730175,C:\Users\KAMLAB\Desktop\yunna_test\data\wget_fastq\ERR2730175_R1.fastq.gz,forward
ERR2730175,C:\Users\KAMLAB\Desktop\yunna_test\data\wget_fastq\ERR2730175_R2.fastq.gz,reverse
ERR2730177,C:\Users\KAMLAB\Desktop\yunna_test\data\wget_fastq\ERR2730177_R1.fastq.gz,forward
ERR2730177,C:\Users\KAMLAB\Desktop\yunna_test\data\wget_fastq\ERR2730177_R2.fastq.gz,reverse
ERR2730182,C:\Users\KAMLAB\Desktop\yunna_test\data\wget_fastq\ERR2730182_R1.fastq.gz,forward
ERR2730182,C:\Users\KAMLAB\Desktop\yunna_test\data\wget_fastq\ERR2730182_R2.fastq.gz,reverse
ERR2730193,C:\Users\KAMLAB\Desktop\yunna_test\data\wget_fastq\ERR2730193_R1.fastq.gz,forward
ERR2730193,C:\Users\KAMLAB\Desktop\yunna_test\data\wget_fastq\ERR2730193_R2.fastq.gz,reverse
ERR2730194,C:\Users\KAMLAB\Desktop\yunna_test\data\wget_fastq\ERR2730194_R1.fastq.gz,forward
ERR2730194,C:\Users\KAMLAB\Desktop\yunna_test\data\wget_fastq\ERR2730194_R2.fastq.gz,reverse
ERR2730197,C:\Users\KAMLAB\Desktop\yunna_test\data\wget_fastq\ERR2730197_R1.fastq.gz,forward
ERR2730197,C:\Users\KAMLAB\Desktop\yunna_test\data\wget_fastq\ERR2730197_R2.fastq.gz,reverse
ERR2730198,C:\Users\KAMLAB\Desktop\yunna_test\data\wget_fastq\ERR2730198_R1.fastq.gz,forward
ERR2730198,C:\Users\KAMLAB\Desktop\yunna_test\data\wget_fastq\ERR2730198_R2.fastq.gz,reverse
ERR2730204,C:\Users\KAMLAB\Desktop\yunna_test\data\wget_fastq\ERR2730204_R1.fastq.gz,forward
ERR2730204,C:\Users\KAMLAB\Desktop\yunna_test\data\wget_fastq\ERR2730204_R2.fastq.gz,reverse
ERR2730205,C:\Users\KAMLAB\Desktop\yunna_test\data\wget_fastq\ERR2730205_R1.fastq.gz,forward
ERR2730205,C:\Users\KAMLAB\Desktop\yunna_test\data\wget_fastq\ERR2730205_R2.fastq.gz,reverse
ERR2730209,C:\Users\KAMLAB\Desktop\yunna_test\data\wget_fastq\ERR2730209_R1.fastq.gz,forward
ERR2730209,C:\Users\KAMLAB\Desktop\yunna_test\data\wget_fastq\ERR2730209_R2.fastq.gz,reverse
ERR2730210,C:\Users\KAMLAB\Desktop\yunna_test\data\wget_fastq\ERR2730210_R1.fastq.gz,forward
ERR2730210,C:\Users\KAMLAB\Desktop\yunna_test\data\wget_fastq\ERR2730210_R2.fastq.gz,reverse
ERR2730218,C:\Users\KAMLAB\Desktop\yunna_test\data\wget_fastq\ERR2730218_R1.fastq.gz,forward
ERR2730218,C:\Users\KAMLAB\Desktop\yunna_test\data\wget_fastq\ERR2730218_R2.fastq.gz,reverse
ERR2730219,C:\Users\KAMLAB\Desktop\yunna_test\data\wget_fastq\ERR2730219_R1.fastq.gz,forward
ERR2730219,C:\Users\KAMLAB\Desktop\yunna_test\data\wget_fastq\ERR2730219_R2.fastq.gz,reverse
ERR2730227,C:\Users\KAMLAB\Desktop\yunna_test\data\wget_fastq\ERR2730227_R1.fastq.gz,forward
ERR2730227,C:\Users\KAMLAB\Desktop\yunna_test\data\wget_fastq\ERR2730227_R2.fastq.gz,reverse
ERR2730230,C:\Users\KAMLAB\Desktop\yunna_test\data\wget_fastq\ERR2730230_R1.fastq.gz,forward
ERR2730230,C:\Users\KAMLAB\Desktop\yunna_test\data\wget_fastq\ERR2730230_R2.fastq.gz,reverse
ERR2730232,C:\Users\KAMLAB\Desktop\yunna_test\data\wget_fastq\ERR2730232_R1.fastq.gz,forward
ERR2730232,C:\Users\KAMLAB\Desktop\yunna_test\data\wget_fastq\ERR2730232_R2.fastq.gz,reverse
ERR2730233,C:\Users\KAMLAB\Desktop\yunna_test\data\wget_fastq\ERR2730233_R1.fastq.gz,forward
ERR2730233,C:\Users\KAMLAB\Desktop\yunna_test\data\wget_fastq\ERR2730233_R2.fastq.gz,reverse
ERR2730236,C:\Users\KAMLAB\Desktop\yunna_test\data\wget_fastq\ERR2730236_R1.fastq.gz,forward
ERR2730236,C:\Users\KAMLAB\Desktop\yunna_test\data\wget_fastq\ERR2730236_R2.fastq.gz,reverse
ERR2730238,C:\Users\KAMLAB\Desktop\yunna_test\data\wget_fastq\ERR2730238_R1.fastq.gz,forward
ERR2730238,C:\Users\KAMLAB\Desktop\yunna_test\data\wget_fastq\ERR2730238_R2.fastq.gz,reverse
ERR2730239,C:\Users\KAMLAB\Desktop\yunna_test\data\wget_fastq\ERR2730239_R1.fastq.gz,forward
ERR2730239,C:\Users\KAMLAB\Desktop\yunna_test\data\wget_fastq\ERR2730239_R2.fastq.gz,reverse
ERR2730244,C:\Users\KAMLAB\Desktop\yunna_test\data\wget_fastq\ERR2730244_R1.fastq.gz,forward
ERR2730244,C:\Users\KAMLAB\Desktop\yunna_test\data\wget_fastq\ERR2730244_R2.fastq.gz,reverse
ERR2730254,C:\Users\KAMLAB\Desktop\yunna_test\data\wget_fastq\ERR2730254_R1.fastq.gz,forward
ERR2730254,C:\Users\KAMLAB\Desktop\yunna_test\data\wget_fastq\ERR2730254_R2.fastq.gz,reverse
ERR2730258,C:\Users\KAMLAB\Desktop\yunna_test\data\wget_fastq\ERR2730258_R1.fastq.gz,forward
ERR2730258,C:\Users\KAMLAB\Desktop\yunna_test\data\wget_fastq\ERR2730258_R2.fastq.gz,reverse
ERR2730259,C:\Users\KAMLAB\Desktop\yunna_test\data\wget_fastq\ERR2730259_R1.fastq.gz,forward
ERR2730259,C:\Users\KAMLAB\Desktop\yunna_test\data\wget_fastq\ERR2730259_R2.fastq.gz,reverse
ERR2730260,C:\Users\KAMLAB\Desktop\yunna_test\data\wget_fastq\ERR2730260_R1.fastq.gz,forward
ERR2730260,C:\Users\KAMLAB\Desktop\yunna_test\data\wget_fastq\ERR2730260_R2.fastq.gz,reverse
ERR2730262,C:\Users\KAMLAB\Desktop\yunna_test\data\wget_fastq\ERR2730262_R1.fastq.gz,forward
ERR2730262,C:\Users\KAMLAB\Desktop\yunna_test\data\wget_fastq\ERR2730262_R2.fastq.gz,reverse
ERR2730269,C:\Users\KAMLAB\Desktop\yunna_test\data\wget_fastq\ERR2730269_R1.fastq.gz,forward
ERR2730269,C:\Users\KAMLAB\Desktop\yunna_test\data\wget_fastq\ERR2730269_R2.fastq.gz,reverse
ERR2730270,C:\Users\KAMLAB\Desktop\yunna_test\data\wget_fastq\ERR2730270_R1.fastq.gz,forward
ERR2730270,C:\Users\KAMLAB\Desktop\yunna_test\data\wget_fastq\ERR2730270_R2.fastq.gz,reverse
ERR2730271,C:\Users\KAMLAB\Desktop\yunna_test\data\wget_fastq\ERR2730271_R1.fastq.gz,forward
ERR2730271,C:\Users\KAMLAB\Desktop\yunna_test\data\wget_fastq\ERR2730271_R2.fastq.gz,reverse
ERR2730277,C:\Users\KAMLAB\Desktop\yunna_test\data\wget_fastq\ERR2730277_R1.fastq.gz,forward
ERR2730277,C:\Users\KAMLAB\Desktop\yunna_test\data\wget_fastq\ERR2730277_R2.fastq.gz,reverse
ERR2730284,C:\Users\KAMLAB\Desktop\yunna_test\data\wget_fastq\ERR2730284_R1.fastq.gz,forward
ERR2730284,C:\Users\KAMLAB\Desktop\yunna_test\data\wget_fastq\ERR2730284_R2.fastq.gz,reverse
ERR2730293,C:\Users\KAMLAB\Desktop\yunna_test\data\wget_fastq\ERR2730293_R1.fastq.gz,forward
ERR2730293,C:\Users\KAMLAB\Desktop\yunna_test\data\wget_fastq\ERR2730293_R2.fastq.gz,reverse
ERR2730295,C:\Users\KAMLAB\Desktop\yunna_test\data\wget_fastq\ERR2730295_R1.fastq.gz,forward
ERR2730295,C:\Users\KAMLAB\Desktop\yunna_test\data\wget_fastq\ERR2730295_R2.fastq.gz,reverse
ERR2730302,C:\Users\KAMLAB\Desktop\yunna_test\data\wget_fastq\ERR2730302_R1.fastq.gz,forward
ERR2730302,C:\Users\KAMLAB\Desktop\yunna_test\data\wget_fastq\ERR2730302_R2.fastq.gz,reverse
ERR2730305,C:\Users\KAMLAB\Desktop\yunna_test\data\wget_fastq\ERR2730305_R1.fastq.gz,forward
ERR2730305,C:\Users\KAMLAB\Desktop\yunna_test\data\wget_fastq\ERR2730305_R2.fastq.gz,reverse
ERR2730307,C:\Users\KAMLAB\Desktop\yunna_test\data\wget_fastq\ERR2730307_R1.fastq.gz,forward
ERR2730307,C:\Users\KAMLAB\Desktop\yunna_test\data\wget_fastq\ERR2730307_R2.fastq.gz,reverse
ERR2730309,C:\Users\KAMLAB\Desktop\yunna_test\data\wget_fastq\ERR2730309_R1.fastq.gz,forward
ERR2730309,C:\Users\KAMLAB\Desktop\yunna_test\data\wget_fastq\ERR2730309_R2.fastq.gz,reverse
ERR2730312,C:\Users\KAMLAB\Desktop\yunna_test\data\wget_fastq\ERR2730312_R1.fastq.gz,forward
ERR2730312,C:\Users\KAMLAB\Desktop\yunna_test\data\wget_fastq\ERR2730312_R2.fastq.gz,reverse
ERR2730319,C:\Users\KAMLAB\Desktop\yunna_test\data\wget_fastq\ERR2730319_R1.fastq.gz,forward
ERR2730319,C:\Users\KAMLAB\Desktop\yunna_test\data\wget_fastq\ERR2730319_R2.fastq.gz,reverse
ERR2730321,C:\Users\KAMLAB\Desktop\yunna_test\data\wget_fastq\ERR2730321_R1.fastq.gz,forward
ERR2730321,C:\Users\KAMLAB\Desktop\yunna_test\data\wget_fastq\ERR2730321_R2.fastq.gz,reverse
ERR2730322,C:\Users\KAMLAB\Desktop\yunna_test\data\wget_fastq\ERR2730322_R1.fastq.gz,forward
ERR2730322,C:\Users\KAMLAB\Desktop\yunna_test\data\wget_fastq\ERR2730322_R2.fastq.gz,reverse
ERR2730324,C:\Users\KAMLAB\Desktop\yunna_test\data\wget_fastq\ERR2730324_R1.fastq.gz,forward
ERR2730324,C:\Users\KAMLAB\Desktop\yunna_test\data\wget_fastq\ERR2730324_R2.fastq.gz,reverse
ERR2730328,C:\Users\KAMLAB\Desktop\yunna_test\data\wget_fastq\ERR2730328_R1.fastq.gz,forward
ERR2730328,C:\Users\KAMLAB\Desktop\yunna_test\data\wget_fastq\ERR2730328_R2.fastq.gz,reverse
ERR2730331,C:\Users\KAMLAB\Desktop\yunna_test\data\wget_fastq\ERR2730331_R1.fastq.gz,forward
ERR2730331,C:\Users\KAMLAB\Desktop\yunna_test\data\wget_fastq\ERR2730331_R2.fastq.gz,reverse
ERR2730332,C:\Users\KAMLAB\Desktop\yunna_test\data\wget_fastq\ERR2730332_R1.fastq.gz,forward
ERR2730332,C:\Users\KAMLAB\Desktop\yunna_test\data\wget_fastq\ERR2730332_R2.fastq.gz,reverse
ERR2730334,C:\Users\KAMLAB\Desktop\yunna_test\data\wget_fastq\ERR2730334_R1.fastq.gz,forward
ERR2730334,C:\Users\KAMLAB\Desktop\yunna_test\data\wget_fastq\ERR2730334_R2.fastq.gz,reverse
ERR2730335,C:\Users\KAMLAB\Desktop\yunna_test\data\wget_fastq\ERR2730335_R1.fastq.gz,forward
ERR2730335,C:\Users\KAMLAB\Desktop\yunna_test\data\wget_fastq\ERR2730335_R2.fastq.gz,reverse
ERR2730341,C:\Users\KAMLAB\Desktop\yunna_test\data\wget_fastq\ERR2730341_R1.fastq.gz,forward
ERR2730341,C:\Users\KAMLAB\Desktop\yunna_test\data\wget_fastq\ERR2730341_R2.fastq.gz,reverse
ERR2730343,C:\Users\KAMLAB\Desktop\yunna_test\data\wget_fastq\ERR2730343_R1.fastq.gz,forward
ERR2730343,C:\Users\KAMLAB\Desktop\yunna_test\data\wget_fastq\ERR2730343_R2.fastq.gz,reverse
ERR2730344,C:\Users\KAMLAB\Desktop\yunna_test\data\wget_fastq\ERR2730344_R1.fastq.gz,forward
ERR2730344,C:\Users\KAMLAB\Desktop\yunna_test\data\wget_fastq\ERR2730344_R2.fastq.gz,reverse
ERR2730345,C:\Users\KAMLAB\Desktop\yunna_test\data\wget_fastq\ERR2730345_R1.fastq.gz,forward
ERR2730345,C:\Users\KAMLAB\Desktop\yunna_test\data\wget_fastq\ERR2730345_R2.fastq.gz,reverse
ERR2730346,C:\Users\KAMLAB\Desktop\yunna_test\data\wget_fastq\ERR2730346_R1.fastq.gz,forward
ERR2730346,C:\Users\KAMLAB\Desktop\yunna_test\data\wget_fastq\ERR2730346_R2.fastq.gz,reverse
ERR2730347,C:\Users\KAMLAB\Desktop\yunna_test\data\wget_fastq\ERR2730347_R1.fastq.gz,forward
ERR2730347,C:\Users\KAMLAB\Desktop\yunna_test\data\wget_fastq\ERR2730347_R2.fastq.gz,reverse
ERR2730348,C:\Users\KAMLAB\Desktop\yunna_test\data\wget_fastq\ERR2730348_R1.fastq.gz,forward
ERR2730348,C:\Users\KAMLAB\Desktop\yunna_test\data\wget_fastq\ERR2730348_R2.fastq.gz,reverse
ERR2730349,C:\Users\KAMLAB\Desktop\yunna_test\data\wget_fastq\ERR2730349_R1.fastq.gz,forward
ERR2730349,C:\Users\KAMLAB\Desktop\yunna_test\data\wget_fastq\ERR2730349_R2.fastq.gz,reverse
ERR2730351,C:\Users\KAMLAB\Desktop\yunna_test\data\wget_fastq\ERR2730351_R1.fastq.gz,forward
ERR2730351,C:\Users\KAMLAB\Desktop\yunna_test\data\wget_fastq\ERR2730351_R2.fastq.gz,reverse
ERR2730358,C:\Users\KAMLAB\Desktop\yunna_test\data\wget_fastq\ERR2730358_R1.fastq.gz,forward
ERR2730358,C:\Users\KAMLAB\Desktop\yunna_test\data\wget_fastq\ERR2730358_R2.fastq.gz,reverse
ERR2730359,C:\Users\KAMLAB\Desktop\yunna_test\data\wget_fastq\ERR2730359_R1.fastq.gz,forward
ERR2730359,C:\Users\KAMLAB\Desktop\yunna_test\data\wget_fastq\ERR2730359_R2.fastq.gz,reverse
ERR2730364,C:\Users\KAMLAB\Desktop\yunna_test\data\wget_fastq\ERR2730364_R1.fastq.gz,forward
ERR2730364,C:\Users\KAMLAB\Desktop\yunna_test\data\wget_fastq\ERR2730364_R2.fastq.gz,reverse
ERR2730368,C:\Users\KAMLAB\Desktop\yunna_test\data\wget_fastq\ERR2730368_R1.fastq.gz,forward
ERR2730368,C:\Users\KAMLAB\Desktop\yunna_test\data\wget_fastq\ERR2730368_R2.fastq.gz,reverse
ERR2730369,C:\Users\KAMLAB\Desktop\yunna_test\data\wget_fastq\ERR2730369_R1.fastq.gz,forward
ERR2730369,C:\Users\KAMLAB\Desktop\yunna_test\data\wget_fastq\ERR2730369_R2.fastq.gz,reverse
ERR2730370,C:\Users\KAMLAB\Desktop\yunna_test\data\wget_fastq\ERR2730370_R1.fastq.gz,forward
ERR2730370,C:\Users\KAMLAB\Desktop\yunna_test\data\wget_fastq\ERR2730370_R2.fastq.gz,reverse
ERR2730372,C:\Users\KAMLAB\Desktop\yunna_test\data\wget_fastq\ERR2730372_R1.fastq.gz,forward
ERR2730372,C:\Users\KAMLAB\Desktop\yunna_test\data\wget_fastq\ERR2730372_R2.fastq.gz,reverse
ERR2730374,C:\Users\KAMLAB\Desktop\yunna_test\data\wget_fastq\ERR2730374_R1.fastq.gz,forward
ERR2730374,C:\Users\KAMLAB\Desktop\yunna_test\data\wget_fastq\ERR2730374_R2.fastq.gz,reverse
ERR2730384,C:\Users\KAMLAB\Desktop\yunna_test\data\wget_fastq\ERR2730384_R1.fastq.gz,forward
ERR2730384,C:\Users\KAMLAB\Desktop\yunna_test\data\wget_fastq\ERR2730384_R2.fastq.gz,reverse
ERR2730386,C:\Users\KAMLAB\Desktop\yunna_test\data\wget_fastq\ERR2730386_R1.fastq.gz,forward
ERR2730386,C:\Users\KAMLAB\Desktop\yunna_test\data\wget_fastq\ERR2730386_R2.fastq.gz,reverse
ERR2730387,C:\Users\KAMLAB\Desktop\yunna_test\data\wget_fastq\ERR2730387_R1.fastq.gz,forward
ERR2730387,C:\Users\KAMLAB\Desktop\yunna_test\data\wget_fastq\ERR2730387_R2.fastq.gz,reverse
ERR2730392,C:\Users\KAMLAB\Desktop\yunna_test\data\wget_fastq\ERR2730392_R1.fastq.gz,forward
ERR2730392,C:\Users\KAMLAB\Desktop\yunna_test\data\wget_fastq\ERR2730392_R2.fastq.gz,reverse
ERR2730395,C:\Users\KAMLAB\Desktop\yunna_test\data\wget_fastq\ERR2730395_R1.fastq.gz,forward
ERR2730395,C:\Users\KAMLAB\Desktop\yunna_test\data\wget_fastq\ERR2730395_R2.fastq.gz,reverse
ERR2730397,C:\Users\KAMLAB\Desktop\yunna_test\data\wget_fastq\ERR2730397_R1.fastq.gz,forward
ERR2730397,C:\Users\KAMLAB\Desktop\yunna_test\data\wget_fastq\ERR2730397_R2.fastq.gz,reverse
ERR2730399,C:\Users\KAMLAB\Desktop\yunna_test\data\wget_fastq\ERR2730399_R1.fastq.gz,forward
ERR2730399,C:\Users\KAMLAB\Desktop\yunna_test\data\wget_fastq\ERR2730399_R2.fastq.gz,reverse
ERR3040009,C:\Users\KAMLAB\Desktop\yunna_test\data\wget_fastq\ERR3040009_R1.fastq.gz,forward
ERR3040009,C:\Users\KAMLAB\Desktop\yunna_test\data\wget_fastq\ERR3040009_R2.fastq.gz,reverse
ERR3040012,C:\Users\KAMLAB\Desktop\yunna_test\data\wget_fastq\ERR3040012_R1.fastq.gz,forward
ERR3040012,C:\Users\KAMLAB\Desktop\yunna_test\data\wget_fastq\ERR3040012_R2.fastq.gz,reverse
ERR3040015,C:\Users\KAMLAB\Desktop\yunna_test\data\wget_fastq\ERR3040015_R1.fastq.gz,forward
ERR3040015,C:\Users\KAMLAB\Desktop\yunna_test\data\wget_fastq\ERR3040015_R2.fastq.gz,reverse
ERR3040022,C:\Users\KAMLAB\Desktop\yunna_test\data\wget_fastq\ERR3040022_R1.fastq.gz,forward
ERR3040022,C:\Users\KAMLAB\Desktop\yunna_test\data\wget_fastq\ERR3040022_R2.fastq.gz,reverse
ERR3040024,C:\Users\KAMLAB\Desktop\yunna_test\data\wget_fastq\ERR3040024_R1.fastq.gz,forward
ERR3040024,C:\Users\KAMLAB\Desktop\yunna_test\data\wget_fastq\ERR3040024_R2.fastq.gz,reverse
ERR3040026,C:\Users\KAMLAB\Desktop\yunna_test\data\wget_fastq\ERR3040026_R1.fastq.gz,forward
ERR3040026,C:\Users\KAMLAB\Desktop\yunna_test\data\wget_fastq\ERR3040026_R2.fastq.gz,reverse
ERR3040028,C:\Users\KAMLAB\Desktop\yunna_test\data\wget_fastq\ERR3040028_R1.fastq.gz,forward
ERR3040028,C:\Users\KAMLAB\Desktop\yunna_test\data\wget_fastq\ERR3040028_R2.fastq.gz,reverse
ERR3040029,C:\Users\KAMLAB\Desktop\yunna_test\data\wget_fastq\ERR3040029_R1.fastq.gz,forward
ERR3040029,C:\Users\KAMLAB\Desktop\yunna_test\data\wget_fastq\ERR3040029_R2.fastq.gz,reverse
ERR3040031,C:\Users\KAMLAB\Desktop\yunna_test\data\wget_fastq\ERR3040031_R1.fastq.gz,forward
ERR3040031,C:\Users\KAMLAB\Desktop\yunna_test\data\wget_fastq\ERR3040031_R2.fastq.gz,reverse
ERR3040037,C:\Users\KAMLAB\Desktop\yunna_test\data\wget_fastq\ERR3040037_R1.fastq.gz,forward
ERR3040037,C:\Users\KAMLAB\Desktop\yunna_test\data\wget_fastq\ERR3040037_R2.fastq.gz,reverse
ERR3040038,C:\Users\KAMLAB\Desktop\yunna_test\data\wget_fastq\ERR3040038_R1.fastq.gz,forward
ERR3040038,C:\Users\KAMLAB\Desktop\yunna_test\data\wget_fastq\ERR3040038_R2.fastq.gz,reverse
ERR3040039,C:\Users\KAMLAB\Desktop\yunna_test\data\wget_fastq\ERR3040039_R1.fastq.gz,forward
ERR3040039,C:\Users\KAMLAB\Desktop\yunna_test\data\wget_fastq\ERR3040039_R2.fastq.gz,reverse
ERR3040041,C:\Users\KAMLAB\Desktop\yunna_test\data\wget_fastq\ERR3040041_R1.fastq.gz,forward
ERR3040041,C:\Users\KAMLAB\Desktop\yunna_test\data\wget_fastq\ERR3040041_R2.fastq.gz,reverse
ERR3040045,C:\Users\KAMLAB\Desktop\yunna_test\data\wget_fastq\ERR3040045_R1.fastq.gz,forward
ERR3040045,C:\Users\KAMLAB\Desktop\yunna_test\data\wget_fastq\ERR3040045_R2.fastq.gz,reverse
ERR3040046,C:\Users\KAMLAB\Desktop\yunna_test\data\wget_fastq\ERR3040046_R1.fastq.gz,forward
ERR3040046,C:\Users\KAMLAB\Desktop\yunna_test\data\wget_fastq\ERR3040046_R2.fastq.gz,reverse
ERR3040047,C:\Users\KAMLAB\Desktop\yunna_test\data\wget_fastq\ERR3040047_R1.fastq.gz,forward
ERR3040047,C:\Users\KAMLAB\Desktop\yunna_test\data\wget_fastq\ERR3040047_R2.fastq.gz,reverse
ERR3040049,C:\Users\KAMLAB\Desktop\yunna_test\data\wget_fastq\ERR3040049_R1.fastq.gz,forward
ERR3040049,C:\Users\KAMLAB\Desktop\yunna_test\data\wget_fastq\ERR3040049_R2.fastq.gz,reverse
ERR3040050,C:\Users\KAMLAB\Desktop\yunna_test\data\wget_fastq\ERR3040050_R1.fastq.gz,forward
ERR3040050,C:\Users\KAMLAB\Desktop\yunna_test\data\wget_fastq\ERR3040050_R2.fastq.gz,reverse
ERR3040051,C:\Users\KAMLAB\Desktop\yunna_test\data\wget_fastq\ERR3040051_R1.fastq.gz,forward
ERR3040051,C:\Users\KAMLAB\Desktop\yunna_test\data\wget_fastq\ERR3040051_R2.fastq.gz,reverse
ERR2730150,C:\Users\KAMLAB\Desktop\yunna_test\data\wget_fastq\ERR2730150_R1.fastq.gz,forward
ERR2730150,C:\Users\KAMLAB\Desktop\yunna_test\data\wget_fastq\ERR2730150_R2.fastq.gz,reverse
ERR2730155,C:\Users\KAMLAB\Desktop\yunna_test\data\wget_fastq\ERR2730155_R1.fastq.gz,forward
ERR2730155,C:\Users\KAMLAB\Desktop\yunna_test\data\wget_fastq\ERR2730155_R2.fastq.gz,reverse
ERR2730158,C:\Users\KAMLAB\Desktop\yunna_test\data\wget_fastq\ERR2730158_R1.fastq.gz,forward
ERR2730158,C:\Users\KAMLAB\Desktop\yunna_test\data\wget_fastq\ERR2730158_R2.fastq.gz,reverse
ERR2730162,C:\Users\KAMLAB\Desktop\yunna_test\data\wget_fastq\ERR2730162_R1.fastq.gz,forward
ERR2730162,C:\Users\KAMLAB\Desktop\yunna_test\data\wget_fastq\ERR2730162_R2.fastq.gz,reverse
ERR2730164,C:\Users\KAMLAB\Desktop\yunna_test\data\wget_fastq\ERR2730164_R1.fastq.gz,forward
ERR2730164,C:\Users\KAMLAB\Desktop\yunna_test\data\wget_fastq\ERR2730164_R2.fastq.gz,reverse
ERR2730166,C:\Users\KAMLAB\Desktop\yunna_test\data\wget_fastq\ERR2730166_R1.fastq.gz,forward
ERR2730166,C:\Users\KAMLAB\Desktop\yunna_test\data\wget_fastq\ERR2730166_R2.fastq.gz,reverse
ERR2730168,C:\Users\KAMLAB\Desktop\yunna_test\data\wget_fastq\ERR2730168_R1.fastq.gz,forward
ERR2730168,C:\Users\KAMLAB\Desktop\yunna_test\data\wget_fastq\ERR2730168_R2.fastq.gz,reverse
ERR2730172,C:\Users\KAMLAB\Desktop\yunna_test\data\wget_fastq\ERR2730172_R1.fastq.gz,forward
ERR2730172,C:\Users\KAMLAB\Desktop\yunna_test\data\wget_fastq\ERR2730172_R2.fastq.gz,reverse
ERR2730174,C:\Users\KAMLAB\Desktop\yunna_test\data\wget_fastq\ERR2730174_R1.fastq.gz,forward
ERR2730174,C:\Users\KAMLAB\Desktop\yunna_test\data\wget_fastq\ERR2730174_R2.fastq.gz,reverse
ERR2730176,C:\Users\KAMLAB\Desktop\yunna_test\data\wget_fastq\ERR2730176_R1.fastq.gz,forward
ERR2730176,C:\Users\KAMLAB\Desktop\yunna_test\data\wget_fastq\ERR2730176_R2.fastq.gz,reverse
ERR2730179,C:\Users\KAMLAB\Desktop\yunna_test\data\wget_fastq\ERR2730179_R1.fastq.gz,forward
ERR2730179,C:\Users\KAMLAB\Desktop\yunna_test\data\wget_fastq\ERR2730179_R2.fastq.gz,reverse
ERR2730180,C:\Users\KAMLAB\Desktop\yunna_test\data\wget_fastq\ERR2730180_R1.fastq.gz,forward
ERR2730180,C:\Users\KAMLAB\Desktop\yunna_test\data\wget_fastq\ERR2730180_R2.fastq.gz,reverse
ERR2730184,C:\Users\KAMLAB\Desktop\yunna_test\data\wget_fastq\ERR2730184_R1.fastq.gz,forward
ERR2730184,C:\Users\KAMLAB\Desktop\yunna_test\data\wget_fastq\ERR2730184_R2.fastq.gz,reverse
ERR2730185,C:\Users\KAMLAB\Desktop\yunna_test\data\wget_fastq\ERR2730185_R1.fastq.gz,forward
ERR2730185,C:\Users\KAMLAB\Desktop\yunna_test\data\wget_fastq\ERR2730185_R2.fastq.gz,reverse
ERR2730187,C:\Users\KAMLAB\Desktop\yunna_test\data\wget_fastq\ERR2730187_R1.fastq.gz,forward
ERR2730187,C:\Users\KAMLAB\Desktop\yunna_test\data\wget_fastq\ERR2730187_R2.fastq.gz,reverse
ERR2730188,C:\Users\KAMLAB\Desktop\yunna_test\data\wget_fastq\ERR2730188_R1.fastq.gz,forward
ERR2730188,C:\Users\KAMLAB\Desktop\yunna_test\data\wget_fastq\ERR2730188_R2.fastq.gz,reverse
ERR2730189,C:\Users\KAMLAB\Desktop\yunna_test\data\wget_fastq\ERR2730189_R1.fastq.gz,forward
ERR2730189,C:\Users\KAMLAB\Desktop\yunna_test\data\wget_fastq\ERR2730189_R2.fastq.gz,reverse
ERR2730192,C:\Users\KAMLAB\Desktop\yunna_test\data\wget_fastq\ERR2730192_R1.fastq.gz,forward
ERR2730192,C:\Users\KAMLAB\Desktop\yunna_test\data\wget_fastq\ERR2730192_R2.fastq.gz,reverse
ERR2730195,C:\Users\KAMLAB\Desktop\yunna_test\data\wget_fastq\ERR2730195_R1.fastq.gz,forward
ERR2730195,C:\Users\KAMLAB\Desktop\yunna_test\data\wget_fastq\ERR2730195_R2.fastq.gz,reverse
ERR2730199,C:\Users\KAMLAB\Desktop\yunna_test\data\wget_fastq\ERR2730199_R1.fastq.gz,forward
ERR2730199,C:\Users\KAMLAB\Desktop\yunna_test\data\wget_fastq\ERR2730199_R2.fastq.gz,reverse
ERR2730200,C:\Users\KAMLAB\Desktop\yunna_test\data\wget_fastq\ERR2730200_R1.fastq.gz,forward
ERR2730200,C:\Users\KAMLAB\Desktop\yunna_test\data\wget_fastq\ERR2730200_R2.fastq.gz,reverse
ERR2730201,C:\Users\KAMLAB\Desktop\yunna_test\data\wget_fastq\ERR2730201_R1.fastq.gz,forward
ERR2730201,C:\Users\KAMLAB\Desktop\yunna_test\data\wget_fastq\ERR2730201_R2.fastq.gz,reverse
ERR2730206,C:\Users\KAMLAB\Desktop\yunna_test\data\wget_fastq\ERR2730206_R1.fastq.gz,forward
ERR2730206,C:\Users\KAMLAB\Desktop\yunna_test\data\wget_fastq\ERR2730206_R2.fastq.gz,reverse
ERR2730207,C:\Users\KAMLAB\Desktop\yunna_test\data\wget_fastq\ERR2730207_R1.fastq.gz,forward
ERR2730207,C:\Users\KAMLAB\Desktop\yunna_test\data\wget_fastq\ERR2730207_R2.fastq.gz,reverse
ERR2730208,C:\Users\KAMLAB\Desktop\yunna_test\data\wget_fastq\ERR2730208_R1.fastq.gz,forward
ERR2730208,C:\Users\KAMLAB\Desktop\yunna_test\data\wget_fastq\ERR2730208_R2.fastq.gz,reverse
ERR2730211,C:\Users\KAMLAB\Desktop\yunna_test\data\wget_fastq\ERR2730211_R1.fastq.gz,forward
ERR2730211,C:\Users\KAMLAB\Desktop\yunna_test\data\wget_fastq\ERR2730211_R2.fastq.gz,reverse
ERR2730213,C:\Users\KAMLAB\Desktop\yunna_test\data\wget_fastq\ERR2730213_R1.fastq.gz,forward
ERR2730213,C:\Users\KAMLAB\Desktop\yunna_test\data\wget_fastq\ERR2730213_R2.fastq.gz,reverse
ERR2730216,C:\Users\KAMLAB\Desktop\yunna_test\data\wget_fastq\ERR2730216_R1.fastq.gz,forward
ERR2730216,C:\Users\KAMLAB\Desktop\yunna_test\data\wget_fastq\ERR2730216_R2.fastq.gz,reverse
ERR2730220,C:\Users\KAMLAB\Desktop\yunna_test\data\wget_fastq\ERR2730220_R1.fastq.gz,forward
ERR2730220,C:\Users\KAMLAB\Desktop\yunna_test\data\wget_fastq\ERR2730220_R2.fastq.gz,reverse
ERR2730222,C:\Users\KAMLAB\Desktop\yunna_test\data\wget_fastq\ERR2730222_R1.fastq.gz,forward
ERR2730222,C:\Users\KAMLAB\Desktop\yunna_test\data\wget_fastq\ERR2730222_R2.fastq.gz,reverse
ERR2730229,C:\Users\KAMLAB\Desktop\yunna_test\data\wget_fastq\ERR2730229_R1.fastq.gz,forward
ERR2730229,C:\Users\KAMLAB\Desktop\yunna_test\data\wget_fastq\ERR2730229_R2.fastq.gz,reverse
ERR2730231,C:\Users\KAMLAB\Desktop\yunna_test\data\wget_fastq\ERR2730231_R1.fastq.gz,forward
ERR2730231,C:\Users\KAMLAB\Desktop\yunna_test\data\wget_fastq\ERR2730231_R2.fastq.gz,reverse
ERR2730237,C:\Users\KAMLAB\Desktop\yunna_test\data\wget_fastq\ERR2730237_R1.fastq.gz,forward
ERR2730237,C:\Users\KAMLAB\Desktop\yunna_test\data\wget_fastq\ERR2730237_R2.fastq.gz,reverse
ERR2730242,C:\Users\KAMLAB\Desktop\yunna_test\data\wget_fastq\ERR2730242_R1.fastq.gz,forward
ERR2730242,C:\Users\KAMLAB\Desktop\yunna_test\data\wget_fastq\ERR2730242_R2.fastq.gz,reverse
ERR2730243,C:\Users\KAMLAB\Desktop\yunna_test\data\wget_fastq\ERR2730243_R1.fastq.gz,forward
ERR2730243,C:\Users\KAMLAB\Desktop\yunna_test\data\wget_fastq\ERR2730243_R2.fastq.gz,reverse
ERR2730245,C:\Users\KAMLAB\Desktop\yunna_test\data\wget_fastq\ERR2730245_R1.fastq.gz,forward
ERR2730245,C:\Users\KAMLAB\Desktop\yunna_test\data\wget_fastq\ERR2730245_R2.fastq.gz,reverse
ERR2730248,C:\Users\KAMLAB\Desktop\yunna_test\data\wget_fastq\ERR2730248_R1.fastq.gz,forward
ERR2730248,C:\Users\KAMLAB\Desktop\yunna_test\data\wget_fastq\ERR2730248_R2.fastq.gz,reverse
ERR2730255,C:\Users\KAMLAB\Desktop\yunna_test\data\wget_fastq\ERR2730255_R1.fastq.gz,forward
ERR2730255,C:\Users\KAMLAB\Desktop\yunna_test\data\wget_fastq\ERR2730255_R2.fastq.gz,reverse
ERR2730257,C:\Users\KAMLAB\Desktop\yunna_test\data\wget_fastq\ERR2730257_R1.fastq.gz,forward
ERR2730257,C:\Users\KAMLAB\Desktop\yunna_test\data\wget_fastq\ERR2730257_R2.fastq.gz,reverse
ERR2730261,C:\Users\KAMLAB\Desktop\yunna_test\data\wget_fastq\ERR2730261_R1.fastq.gz,forward
ERR2730261,C:\Users\KAMLAB\Desktop\yunna_test\data\wget_fastq\ERR2730261_R2.fastq.gz,reverse
ERR2730263,C:\Users\KAMLAB\Desktop\yunna_test\data\wget_fastq\ERR2730263_R1.fastq.gz,forward
ERR2730263,C:\Users\KAMLAB\Desktop\yunna_test\data\wget_fastq\ERR2730263_R2.fastq.gz,reverse
ERR2730264,C:\Users\KAMLAB\Desktop\yunna_test\data\wget_fastq\ERR2730264_R1.fastq.gz,forward
ERR2730264,C:\Users\KAMLAB\Desktop\yunna_test\data\wget_fastq\ERR2730264_R2.fastq.gz,reverse
ERR2730265,C:\Users\KAMLAB\Desktop\yunna_test\data\wget_fastq\ERR2730265_R1.fastq.gz,forward
ERR2730265,C:\Users\KAMLAB\Desktop\yunna_test\data\wget_fastq\ERR2730265_R2.fastq.gz,reverse
ERR2730266,C:\Users\KAMLAB\Desktop\yunna_test\data\wget_fastq\ERR2730266_R1.fastq.gz,forward
ERR2730266,C:\Users\KAMLAB\Desktop\yunna_test\data\wget_fastq\ERR2730266_R2.fastq.gz,reverse
ERR2730267,C:\Users\KAMLAB\Desktop\yunna_test\data\wget_fastq\ERR2730267_R1.fastq.gz,forward
ERR2730267,C:\Users\KAMLAB\Desktop\yunna_test\data\wget_fastq\ERR2730267_R2.fastq.gz,reverse
ERR2730273,C:\Users\KAMLAB\Desktop\yunna_test\data\wget_fastq\ERR2730273_R1.fastq.gz,forward
ERR2730273,C:\Users\KAMLAB\Desktop\yunna_test\data\wget_fastq\ERR2730273_R2.fastq.gz,reverse
ERR2730274,C:\Users\KAMLAB\Desktop\yunna_test\data\wget_fastq\ERR2730274_R1.fastq.gz,forward
ERR2730274,C:\Users\KAMLAB\Desktop\yunna_test\data\wget_fastq\ERR2730274_R2.fastq.gz,reverse
ERR2730276,C:\Users\KAMLAB\Desktop\yunna_test\data\wget_fastq\ERR2730276_R1.fastq.gz,forward
ERR2730276,C:\Users\KAMLAB\Desktop\yunna_test\data\wget_fastq\ERR2730276_R2.fastq.gz,reverse
ERR2730279,C:\Users\KAMLAB\Desktop\yunna_test\data\wget_fastq\ERR2730279_R1.fastq.gz,forward
ERR2730279,C:\Users\KAMLAB\Desktop\yunna_test\data\wget_fastq\ERR2730279_R2.fastq.gz,reverse
ERR2730283,C:\Users\KAMLAB\Desktop\yunna_test\data\wget_fastq\ERR2730283_R1.fastq.gz,forward
ERR2730283,C:\Users\KAMLAB\Desktop\yunna_test\data\wget_fastq\ERR2730283_R2.fastq.gz,reverse
ERR2730285,C:\Users\KAMLAB\Desktop\yunna_test\data\wget_fastq\ERR2730285_R1.fastq.gz,forward
ERR2730285,C:\Users\KAMLAB\Desktop\yunna_test\data\wget_fastq\ERR2730285_R2.fastq.gz,reverse
ERR2730288,C:\Users\KAMLAB\Desktop\yunna_test\data\wget_fastq\ERR2730288_R1.fastq.gz,forward
ERR2730288,C:\Users\KAMLAB\Desktop\yunna_test\data\wget_fastq\ERR2730288_R2.fastq.gz,reverse
ERR2730289,C:\Users\KAMLAB\Desktop\yunna_test\data\wget_fastq\ERR2730289_R1.fastq.gz,forward
ERR2730289,C:\Users\KAMLAB\Desktop\yunna_test\data\wget_fastq\ERR2730289_R2.fastq.gz,reverse
ERR2730290,C:\Users\KAMLAB\Desktop\yunna_test\data\wget_fastq\ERR2730290_R1.fastq.gz,forward
ERR2730290,C:\Users\KAMLAB\Desktop\yunna_test\data\wget_fastq\ERR2730290_R2.fastq.gz,reverse
ERR2730292,C:\Users\KAMLAB\Desktop\yunna_test\data\wget_fastq\ERR2730292_R1.fastq.gz,forward
ERR2730292,C:\Users\KAMLAB\Desktop\yunna_test\data\wget_fastq\ERR2730292_R2.fastq.gz,reverse
ERR2730294,C:\Users\KAMLAB\Desktop\yunna_test\data\wget_fastq\ERR2730294_R1.fastq.gz,forward
ERR2730294,C:\Users\KAMLAB\Desktop\yunna_test\data\wget_fastq\ERR2730294_R2.fastq.gz,reverse
ERR2730299,C:\Users\KAMLAB\Desktop\yunna_test\data\wget_fastq\ERR2730299_R1.fastq.gz,forward
ERR2730299,C:\Users\KAMLAB\Desktop\yunna_test\data\wget_fastq\ERR2730299_R2.fastq.gz,reverse
ERR2730300,C:\Users\KAMLAB\Desktop\yunna_test\data\wget_fastq\ERR2730300_R1.fastq.gz,forward
ERR2730300,C:\Users\KAMLAB\Desktop\yunna_test\data\wget_fastq\ERR2730300_R2.fastq.gz,reverse
ERR2730303,C:\Users\KAMLAB\Desktop\yunna_test\data\wget_fastq\ERR2730303_R1.fastq.gz,forward
ERR2730303,C:\Users\KAMLAB\Desktop\yunna_test\data\wget_fastq\ERR2730303_R2.fastq.gz,reverse
ERR2730304,C:\Users\KAMLAB\Desktop\yunna_test\data\wget_fastq\ERR2730304_R1.fastq.gz,forward
ERR2730304,C:\Users\KAMLAB\Desktop\yunna_test\data\wget_fastq\ERR2730304_R2.fastq.gz,reverse
ERR2730313,C:\Users\KAMLAB\Desktop\yunna_test\data\wget_fastq\ERR2730313_R1.fastq.gz,forward
ERR2730313,C:\Users\KAMLAB\Desktop\yunna_test\data\wget_fastq\ERR2730313_R2.fastq.gz,reverse
ERR2730314,C:\Users\KAMLAB\Desktop\yunna_test\data\wget_fastq\ERR2730314_R1.fastq.gz,forward
ERR2730314,C:\Users\KAMLAB\Desktop\yunna_test\data\wget_fastq\ERR2730314_R2.fastq.gz,reverse
ERR2730318,C:\Users\KAMLAB\Desktop\yunna_test\data\wget_fastq\ERR2730318_R1.fastq.gz,forward
ERR2730318,C:\Users\KAMLAB\Desktop\yunna_test\data\wget_fastq\ERR2730318_R2.fastq.gz,reverse
ERR2730320,C:\Users\KAMLAB\Desktop\yunna_test\data\wget_fastq\ERR2730320_R1.fastq.gz,forward
ERR2730320,C:\Users\KAMLAB\Desktop\yunna_test\data\wget_fastq\ERR2730320_R2.fastq.gz,reverse
ERR2730323,C:\Users\KAMLAB\Desktop\yunna_test\data\wget_fastq\ERR2730323_R1.fastq.gz,forward
ERR2730323,C:\Users\KAMLAB\Desktop\yunna_test\data\wget_fastq\ERR2730323_R2.fastq.gz,reverse
ERR2730326,C:\Users\KAMLAB\Desktop\yunna_test\data\wget_fastq\ERR2730326_R1.fastq.gz,forward
ERR2730326,C:\Users\KAMLAB\Desktop\yunna_test\data\wget_fastq\ERR2730326_R2.fastq.gz,reverse
ERR2730333,C:\Users\KAMLAB\Desktop\yunna_test\data\wget_fastq\ERR2730333_R1.fastq.gz,forward
ERR2730333,C:\Users\KAMLAB\Desktop\yunna_test\data\wget_fastq\ERR2730333_R2.fastq.gz,reverse
ERR2730336,C:\Users\KAMLAB\Desktop\yunna_test\data\wget_fastq\ERR2730336_R1.fastq.gz,forward
ERR2730336,C:\Users\KAMLAB\Desktop\yunna_test\data\wget_fastq\ERR2730336_R2.fastq.gz,reverse
ERR2730337,C:\Users\KAMLAB\Desktop\yunna_test\data\wget_fastq\ERR2730337_R1.fastq.gz,forward
ERR2730337,C:\Users\KAMLAB\Desktop\yunna_test\data\wget_fastq\ERR2730337_R2.fastq.gz,reverse
ERR2730340,C:\Users\KAMLAB\Desktop\yunna_test\data\wget_fastq\ERR2730340_R1.fastq.gz,forward
ERR2730340,C:\Users\KAMLAB\Desktop\yunna_test\data\wget_fastq\ERR2730340_R2.fastq.gz,reverse
ERR2730342,C:\Users\KAMLAB\Desktop\yunna_test\data\wget_fastq\ERR2730342_R1.fastq.gz,forward
ERR2730342,C:\Users\KAMLAB\Desktop\yunna_test\data\wget_fastq\ERR2730342_R2.fastq.gz,reverse
ERR2730350,C:\Users\KAMLAB\Desktop\yunna_test\data\wget_fastq\ERR2730350_R1.fastq.gz,forward
ERR2730350,C:\Users\KAMLAB\Desktop\yunna_test\data\wget_fastq\ERR2730350_R2.fastq.gz,reverse
ERR2730354,C:\Users\KAMLAB\Desktop\yunna_test\data\wget_fastq\ERR2730354_R1.fastq.gz,forward
ERR2730354,C:\Users\KAMLAB\Desktop\yunna_test\data\wget_fastq\ERR2730354_R2.fastq.gz,reverse
ERR2730355,C:\Users\KAMLAB\Desktop\yunna_test\data\wget_fastq\ERR2730355_R1.fastq.gz,forward
ERR2730355,C:\Users\KAMLAB\Desktop\yunna_test\data\wget_fastq\ERR2730355_R2.fastq.gz,reverse
ERR2730356,C:\Users\KAMLAB\Desktop\yunna_test\data\wget_fastq\ERR2730356_R1.fastq.gz,forward
ERR2730356,C:\Users\KAMLAB\Desktop\yunna_test\data\wget_fastq\ERR2730356_R2.fastq.gz,reverse
ERR2730357,C:\Users\KAMLAB\Desktop\yunna_test\data\wget_fastq\ERR2730357_R1.fastq.gz,forward
ERR2730357,C:\Users\KAMLAB\Desktop\yunna_test\data\wget_fastq\ERR2730357_R2.fastq.gz,reverse
ERR2730360,C:\Users\KAMLAB\Desktop\yunna_test\data\wget_fastq\ERR2730360_R1.fastq.gz,forward
ERR2730360,C:\Users\KAMLAB\Desktop\yunna_test\data\wget_fastq\ERR2730360_R2.fastq.gz,reverse
ERR2730363,C:\Users\KAMLAB\Desktop\yunna_test\data\wget_fastq\ERR2730363_R1.fastq.gz,forward
ERR2730363,C:\Users\KAMLAB\Desktop\yunna_test\data\wget_fastq\ERR2730363_R2.fastq.gz,reverse
ERR2730365,C:\Users\KAMLAB\Desktop\yunna_test\data\wget_fastq\ERR2730365_R1.fastq.gz,forward
ERR2730365,C:\Users\KAMLAB\Desktop\yunna_test\data\wget_fastq\ERR2730365_R2.fastq.gz,reverse
ERR2730371,C:\Users\KAMLAB\Desktop\yunna_test\data\wget_fastq\ERR2730371_R1.fastq.gz,forward
ERR2730371,C:\Users\KAMLAB\Desktop\yunna_test\data\wget_fastq\ERR2730371_R2.fastq.gz,reverse
ERR2730373,C:\Users\KAMLAB\Desktop\yunna_test\data\wget_fastq\ERR2730373_R1.fastq.gz,forward
ERR2730373,C:\Users\KAMLAB\Desktop\yunna_test\data\wget_fastq\ERR2730373_R2.fastq.gz,reverse
ERR2730375,C:\Users\KAMLAB\Desktop\yunna_test\data\wget_fastq\ERR2730375_R1.fastq.gz,forward
ERR2730375,C:\Users\KAMLAB\Desktop\yunna_test\data\wget_fastq\ERR2730375_R2.fastq.gz,reverse
ERR2730380,C:\Users\KAMLAB\Desktop\yunna_test\data\wget_fastq\ERR2730380_R1.fastq.gz,forward
ERR2730380,C:\Users\KAMLAB\Desktop\yunna_test\data\wget_fastq\ERR2730380_R2.fastq.gz,reverse
ERR2730382,C:\Users\KAMLAB\Desktop\yunna_test\data\wget_fastq\ERR2730382_R1.fastq.gz,forward
ERR2730382,C:\Users\KAMLAB\Desktop\yunna_test\data\wget_fastq\ERR2730382_R2.fastq.gz,reverse
ERR2730385,C:\Users\KAMLAB\Desktop\yunna_test\data\wget_fastq\ERR2730385_R1.fastq.gz,forward
ERR2730385,C:\Users\KAMLAB\Desktop\yunna_test\data\wget_fastq\ERR2730385_R2.fastq.gz,reverse
ERR2730390,C:\Users\KAMLAB\Desktop\yunna_test\data\wget_fastq\ERR2730390_R1.fastq.gz,forward
ERR2730390,C:\Users\KAMLAB\Desktop\yunna_test\data\wget_fastq\ERR2730390_R2.fastq.gz,reverse
ERR2730391,C:\Users\KAMLAB\Desktop\yunna_test\data\wget_fastq\ERR2730391_R1.fastq.gz,forward
ERR2730391,C:\Users\KAMLAB\Desktop\yunna_test\data\wget_fastq\ERR2730391_R2.fastq.gz,reverse
ERR2730393,C:\Users\KAMLAB\Desktop\yunna_test\data\wget_fastq\ERR2730393_R1.fastq.gz,forward
ERR2730393,C:\Users\KAMLAB\Desktop\yunna_test\data\wget_fastq\ERR2730393_R2.fastq.gz,reverse
ERR2730394,C:\Users\KAMLAB\Desktop\yunna_test\data\wget_fastq\ERR2730394_R1.fastq.gz,forward
ERR2730394,C:\Users\KAMLAB\Desktop\yunna_test\data\wget_fastq\ERR2730394_R2.fastq.gz,reverse
ERR2730398,C:\Users\KAMLAB\Desktop\yunna_test\data\wget_fastq\ERR2730398_R1.fastq.gz,forward
ERR2730398,C:\Users\KAMLAB\Desktop\yunna_test\data\wget_fastq\ERR2730398_R2.fastq.gz,reverse
ERR2730400,C:\Users\KAMLAB\Desktop\yunna_test\data\wget_fastq\ERR2730400_R1.fastq.gz,forward
ERR2730400,C:\Users\KAMLAB\Desktop\yunna_test\data\wget_fastq\ERR2730400_R2.fastq.gz,reverse
ERR2730401,C:\Users\KAMLAB\Desktop\yunna_test\data\wget_fastq\ERR2730401_R1.fastq.gz,forward
ERR2730401,C:\Users\KAMLAB\Desktop\yunna_test\data\wget_fastq\ERR2730401_R2.fastq.gz,reverse
ERR2730402,C:\Users\KAMLAB\Desktop\yunna_test\data\wget_fastq\ERR2730402_R1.fastq.gz,forward
ERR2730402,C:\Users\KAMLAB\Desktop\yunna_test\data\wget_fastq\ERR2730402_R2.fastq.gz,reverse
ERR2730403,C:\Users\KAMLAB\Desktop\yunna_test\data\wget_fastq\ERR2730403_R1.fastq.gz,forward
ERR2730403,C:\Users\KAMLAB\Desktop\yunna_test\data\wget_fastq\ERR2730403_R2.fastq.gz,reverse
ERR3040010,C:\Users\KAMLAB\Desktop\yunna_test\data\wget_fastq\ERR3040010_R1.fastq.gz,forward
ERR3040010,C:\Users\KAMLAB\Desktop\yunna_test\data\wget_fastq\ERR3040010_R2.fastq.gz,reverse
ERR3040013,C:\Users\KAMLAB\Desktop\yunna_test\data\wget_fastq\ERR3040013_R1.fastq.gz,forward
ERR3040013,C:\Users\KAMLAB\Desktop\yunna_test\data\wget_fastq\ERR3040013_R2.fastq.gz,reverse
ERR3040016,C:\Users\KAMLAB\Desktop\yunna_test\data\wget_fastq\ERR3040016_R1.fastq.gz,forward
ERR3040016,C:\Users\KAMLAB\Desktop\yunna_test\data\wget_fastq\ERR3040016_R2.fastq.gz,reverse
ERR3040020,C:\Users\KAMLAB\Desktop\yunna_test\data\wget_fastq\ERR3040020_R1.fastq.gz,forward
ERR3040020,C:\Users\KAMLAB\Desktop\yunna_test\data\wget_fastq\ERR3040020_R2.fastq.gz,reverse
ERR3040021,C:\Users\KAMLAB\Desktop\yunna_test\data\wget_fastq\ERR3040021_R1.fastq.gz,forward
ERR3040021,C:\Users\KAMLAB\Desktop\yunna_test\data\wget_fastq\ERR3040021_R2.fastq.gz,reverse
ERR3040027,C:\Users\KAMLAB\Desktop\yunna_test\data\wget_fastq\ERR3040027_R1.fastq.gz,forward
ERR3040027,C:\Users\KAMLAB\Desktop\yunna_test\data\wget_fastq\ERR3040027_R2.fastq.gz,reverse
ERR3040032,C:\Users\KAMLAB\Desktop\yunna_test\data\wget_fastq\ERR3040032_R1.fastq.gz,forward
ERR3040032,C:\Users\KAMLAB\Desktop\yunna_test\data\wget_fastq\ERR3040032_R2.fastq.gz,reverse
ERR3040033,C:\Users\KAMLAB\Desktop\yunna_test\data\wget_fastq\ERR3040033_R1.fastq.gz,forward
ERR3040033,C:\Users\KAMLAB\Desktop\yunna_test\data\wget_fastq\ERR3040033_R2.fastq.gz,reverse
ERR3040036,C:\Users\KAMLAB\Desktop\yunna_test\data\wget_fastq\ERR3040036_R1.fastq.gz,forward
ERR3040036,C:\Users\KAMLAB\Desktop\yunna_test\data\wget_fastq\ERR3040036_R2.fastq.gz,reverse
ERR3040042,C:\Users\KAMLAB\Desktop\yunna_test\data\wget_fastq\ERR3040042_R1.fastq.gz,forward
ERR3040042,C:\Users\KAMLAB\Desktop\yunna_test\data\wget_fastq\ERR3040042_R2.fastq.gz,reverse
ERR3040043,C:\Users\KAMLAB\Desktop\yunna_test\data\wget_fastq\ERR3040043_R1.fastq.gz,forward
ERR3040043,C:\Users\KAMLAB\Desktop\yunna_test\data\wget_fastq\ERR3040043_R2.fastq.gz,reverse
ERR3040048,C:\Users\KAMLAB\Desktop\yunna_test\data\wget_fastq\ERR3040048_R1.fastq.gz,forward
ERR3040048,C:\Users\KAMLAB\Desktop\yunna_test\data\wget_fastq\ERR3040048_R2.fastq.gz,reverse